1;2229797;262816;;16 PCS POWER LED 12V-24V AMBER,;NIGHTBRK;355245A;LED;ASIAREP, PT;JAKARTA, INDONESIA;EACH;Rp1.291.580;Rp1.291.580;Rp1.291.580;1;WARRANTY
2;1859297;2000081;;LED LAMP;ALLMAKES;MIL-RXP 2060;LED;BINA PERTIWI, PT;BATU KAJANG, KALIMANTAN TIMUR;EACH;Rp9.436.095;Rp9.436.095;Rp9.436.095;4;WARRANTY
3;1637537;1966266;;LED LAMP;ALLMAKES;AM-PL4X4FA;LED;BINA PERTIWI, PT;BATU KAJANG, KALIMANTAN TIMUR;EACH;Rp1.587.878;Rp1.587.878;Rp1.587.878;4;WARRANTY
4;1527829;1969336;;LED LOADING LAMP, CLEAR/FLOOD;ABL;A500F-5LED;LED;CBC INDONESIA, PT;JAKARTA, INDONESIA;EACH;Rp2.188.080;Rp2.188.080;Rp2.188.080;3;WARRANTY
5;1774835;1969351;;LED LOADING LAMP, FLOOD;ABL;LED3000-500-MVF;LED;CBC INDONESIA, PT;JAKARTA, INDONESIA;EACH;Rp4.011.480;Rp4.011.480;Rp4.011.480;3;WARRANTY
6;1527811;1967926;;LED LOADING LAMP, FOG/YELLOW;ABL;A500FOG-5LED;LED;CBC INDONESIA, PT;JAKARTA, INDONESIA;EACH;Rp2.188.080;Rp2.188.080;Rp2.188.080;3;WARRANTY
7;2013498;2041200;;"LED WORK LAMP; 8 LED LAMP, FLUX 1200 LUMEN, 16W,, FLOOD";ABL;C700LED1200-F;LED;CBC INDONESIA, PT;JAKARTA, INDONESIA;EACH;Rp1.337.160;Rp1.337.160;Rp1.337.160;3;WARRANTY
8;1393552;233274;;LED REAR COMBINATION LAMP LH;ALLMAKES;AM-AE04-498LH;LED;BINA PERTIWI, PT;BATU KAJANG, KALIMANTAN TIMUR;EACH;Rp1.804.406;Rp1.804.406;Rp1.804.406;1;WARRANTY
9;1913581;2061166;;LED STROBE LAMP AMBER;ALLMAKES;AM-PL4223-AH;LED;BINA PERTIWI, PT;BATU KAJANG, KALIMANTAN TIMUR;EACH;Rp1.631.183;Rp1.631.183;Rp1.631.183;4;WARRANTY
10;1469667;2011955;;LED STROBE LAMP BLUE;ALLMAKES;AM-PL4223-BH;LED;BINA PERTIWI, PT;BATU KAJANG, KALIMANTAN TIMUR;EACH;Rp1.631.183;Rp1.631.183;Rp1.631.183;4;WARRANTY
11;1096809;2207645;;LED STROBE LIGHT BLUE;ECCO;7980B;LED;BERKAT ANUGRAH PERKASA, PT;BALIKPAPAN, KALIMANTAN;EACH;Rp1.245.990;Rp1.245.990;Rp1.245.990;2;WARRANTY
12;1427574;241806;;LED STROBE LIGHTS;PRIMER;PL4224-BH;LED;INDOPRIMA MANDIRI UTAMA, CV;TANGERANG, BANTEN;EACH;Rp1.139.478;Rp1.139.478;Rp1.139.478;4;WARRANTY
13;1389592;262815;;"LED WORK LAMP (AM-PL4X4F); LED WORK LAMP";UTPRT;99-AX01-00;LED;BINA PERTIWI, PT;BATU KAJANG, KALIMANTAN TIMUR;EACH;Rp1.587.878;Rp1.587.878;Rp1.587.878;;WARRANTY
14;1642693;259449;;LED WORK LAMP;ALLMAKES;AM-PL9833;LED;BINA PERTIWI, PT;BATU KAJANG, KALIMANTAN TIMUR;EACH;Rp5.405.317;Rp5.405.317;Rp5.405.317;4;WARRANTY
15;1642693;1967868;;LED WORK LAMP;ALLMAKES;AM-PL9833;LED;BINA PERTIWI, PT;BATU KAJANG, KALIMANTAN TIMUR;EACH;Rp5.405.317;Rp5.405.317;Rp5.405.317;4;WARRANTY
16;1841634;262819;;LED WORK LAMP 8000 LUMENS;ALLMAKES;AM-TP231-WF;LED;BINA PERTIWI, PT;BATU KAJANG, KALIMANTAN TIMUR;EACH;Rp8.778.152;Rp8.778.152;Rp8.778.152;;WARRANTY
17;2212181;2276418;;LED WORK LAMP;ALLMAKES;AM-PL9850;LED;BINA PERTIWI, PT;BATU KAJANG, KALIMANTAN TIMUR;EACH;Rp1.671.450;Rp1.671.450;Rp1.671.450;4;WARRANTY
18;254722;2059780;;LIGHT, WARNING BLUE COLOUR;ECCO;6570B;LED;BERKAT ANUGRAH PERKASA, PT;BALIKPAPAN, KALIMANTAN;EACH;Rp1.154.820;Rp1.154.820;Rp1.154.820;2;WARRANTY
19;254706;2059764;;LIGHT, WARNING YELLOW COLOUR;ECCO;6570A;LED;BERKAT ANUGRAH PERKASA, PT;BALIKPAPAN, KALIMANTAN;EACH;Rp1.154.820;Rp1.154.820;Rp1.154.820;2;WARRANTY
20;507103;254914;;BACK UP ALARM 12 - 36V;ECCO;630;ALARM;BERKAT ANUGRAH PERKASA, PT;BALIKPAPAN, KALIMANTAN;EACH;Rp349.490;Rp349.490;Rp349.490;1;WARRANTY
21;639617;262823;;BACK UP ALARM  12 TO 24 V DC;ECCO;5596311;ALARM;BERKAT ANUGRAH PERKASA, PT;BALIKPAPAN, KALIMANTAN;EACH;Rp277.310;Rp277.310;Rp277.310;1;WARRANTY
22;1928126;2296564;;BATTERY DRY 70AH;ALLMAKES;AM-MFN70;BATERAI;BINA PERTIWI, PT;BATU KAJANG, KALIMANTAN TIMUR;EACH;Rp1.369.070;Rp1.369.070;Rp1.369.070;;WARRANTY
23;2211852;2212462;;BATTERY DRY N170;ALLMAKES;AM-MFN670-18-HD;BATERAI;BINA PERTIWI, PT;BATU KAJANG, KALIMANTAN TIMUR;EACH;Rp3.463.700;Rp3.463.700;Rp3.463.700;;WARRANTY
24;1537323;231715;;BATTERY MF 100AH;ALLMAKES;AM-MFN100;BATERAI;BINA PERTIWI, PT;BATU KAJANG, KALIMANTAN TIMUR;EACH;Rp1.495.492;Rp1.495.492;Rp1.495.492;;WARRANTY
25;1979897;2036408;;BATTERY MF 200 ALLMAKES;ALLMAKES;AM-MFN200HD;BATERAI;BINA PERTIWI, PT;BATU KAJANG, KALIMANTAN TIMUR;EACH;Rp3.621.120;Rp3.621.120;Rp3.621.120;2;WARRANTY
26;1523109;2062222;;BATTERY N150;ALLMAKES;AM-MFN150;BATERAI;BINA PERTIWI, PT;BATU KAJANG, KALIMANTAN TIMUR;EACH;Rp2.746.800;Rp2.746.800;Rp2.746.800;;WARRANTY
27;1781038;1969385;;BATTERY, STORAGE HD 200;ALLMAKES;AM-N200HD;BATERAI;BINA PERTIWI, PT;BATU KAJANG, KALIMANTAN TIMUR;EACH;Rp1.860.932;Rp1.860.932;Rp1.860.932;;WARRANTY
28;1793439;2002715;;BATTERY, STORAGE N150;ALLMAKES;AM-N150HD;BATERAI;BINA PERTIWI, PT;BATU KAJANG, KALIMANTAN TIMUR;EACH;Rp1.459.328;Rp1.459.328;Rp1.459.328;;WARRANTY
29;1793421;2002707;;BATTERY, STORAGE 12V, 100A, 17PCS/CELL;ALLMAKES;AM-N100HD;BATERAI;BINA PERTIWI, PT;BATU KAJANG, KALIMANTAN TIMUR;EACH;Rp900.912;Rp900.912;Rp900.912;;WARRANTY
30;1815059;2155778;;BATTERY, STORAGE HEAVY DUTY N12;ALLMAKES;AM-N120HD;BATERAI;BINA PERTIWI, PT;BATU KAJANG, KALIMANTAN TIMUR;EACH;Rp1.116.833;Rp1.116.833;Rp1.116.833;;WARRANTY
31;1793413;2002699;;BATTERY, STORAGE N70, 12V, 70A, 13PCS/CE;ALLMAKES;AM-N70HD;BATERAI;BINA PERTIWI, PT;BATU KAJANG, KALIMANTAN TIMUR;EACH;Rp673.594;Rp673.594;Rp673.594;;WARRANTY
32;1067875;2041812;;"DIAPRAGHM PUMP 2""";GRACO;DF3525;DIAPRAGHM PUMP;BINA PERTIWI, PT;BATU KAJANG, KALIMANTAN TIMUR;EACH;Rp18.917.015;Rp18.917.015;Rp18.917.015;;WARRANTY
33;1067867;2002616;;"DIAPRAGM PUMP 1-1/2""";GRACO;DB3525;DIAPRAGHM PUMP;BINA PERTIWI, PT;BATU KAJANG, KALIMANTAN TIMUR;EACH;Rp14.138.948;Rp14.138.948;Rp14.138.948;;WARRANTY
34;1067842;231721;;"DIAPRAGM PUMP 1040, 1"" OIL TRANSFER";GRACO;647016;DIAPRAGHM PUMP;BINA PERTIWI, PT;BATU KAJANG, KALIMANTAN TIMUR;EACH;Rp12.401.703;Rp12.401.703;Rp12.401.703;;WARRANTY
35;1987700;231717;;DIAPRAGMA PUMP;ALLMAKES;D51277;DIAPRAGHM PUMP;BINA PERTIWI, PT;BATU KAJANG, KALIMANTAN TIMUR;EACH;Rp10.992.823;Rp10.992.823;Rp10.992.823;;WARRANTY
36;1067784;2041796;;FIRE BALL PUMP 50:1 (425);GRACO;205395;FIRE BALL;BINA PERTIWI, PT;BATU KAJANG, KALIMANTAN TIMUR;ASSY;Rp38.154.949;Rp38.154.949;Rp38.154.949;;WARRANTY
37;1067776;233403;;FIRE BALL PUMP 50:1 (325);GRACO;239888;FIRE BALL;BINA PERTIWI, PT;BATU KAJANG, KALIMANTAN TIMUR;EACH;Rp14.256.253;Rp14.256.253;Rp14.256.253;;WARRANTY
38;1374065;2002624;;GREASE PUMP;GRACO;247450;GREASE PUMP;BINA PERTIWI, PT;BATU KAJANG, KALIMANTAN TIMUR;ASSY;Rp45.627.090;Rp45.627.090;Rp45.627.090;;WARRANTY
39;1522325;231719;;GREASE PUMP;GRACO;247443;GREASE PUMP;BINA PERTIWI, PT;BATU KAJANG, KALIMANTAN TIMUR;EACH;Rp45.221.840;Rp45.221.840;Rp45.221.840;;WARRANTY
40;1305275;233404;;GREASE PUMP;GRACO;247457;GREASE PUMP;BINA PERTIWI, PT;BATU KAJANG, KALIMANTAN TIMUR;EACH;Rp67.200.951;Rp67.200.951;Rp67.200.951;;WARRANTY
41;262733;259449;;"LED WORK LAMP; LED WORK LAMP";ALLMAKES;37-AX01-00;LED;BINA PERTIWI, PT;BATU KAJANG, KALIMANTAN TIMUR;EACH;Rp968.073;Rp968.073;Rp968.073;;WARRANTY
42;1295583;262811;;LED GLOBES;PRIMER - PRIMER LIGHTS PRODUCT;T18-01BA15-S-5LED;LED;INDOPRIMA MANDIRI UTAMA, CV;TANGERANG, BANTEN;EACH;Rp60.481;Rp60.481;Rp60.481;;WARRANTY
43;2165488;262813;;LED INSPECTION LAMP;HELLA - HELLA AUSTRALIA PTY LTD;2XM910412011;LED;CBC INDONESIA, PT;JAKARTA, INDONESIA;EACH;Rp1.016.260;Rp1.016.260;Rp1.016.260;;WARRANTY
44;284745;233274;;STOP LIGHT-TAILLIGHT, VEHICULAR;PRIMER;AE-04-498LH;LED;INDOPRIMA MANDIRI UTAMA, CV;TANGERANG, BANTEN;EACH;Rp1.156.412;Rp1.156.412;Rp1.156.412;2;WARRANTY
45;1389592;1966233;;LED WORK LAMP DAMAGE CORE;ALLMAKES;AM-PL4X4F;;BINA PERTIWI, PT;BATU KAJANG, KALIMANTAN TIMUR;EACH;Rp1.633.335;Rp1.633.335;Rp1.633.335;;WARRANTY
46;1469964;2002640;;PDU, SAFETY DEVICE (1 TAHUN);ALLMAKES;PDU-24HS-HD;;BINA PERTIWI, PT;BATU KAJANG, KALIMANTAN TIMUR;EACH;Rp28.806.090;Rp28.806.090;Rp28.806.090;;WARRANTY
47;1215276;1969393;;BATTERY DRY N200 EX WARRANTY;CAT;153-5710-R;;TRAKINDO UTAMA, PT (BLP);BATU KAJANG, KALIMANTAN TIMUR;EACH;Rp8.540.233;Rp8.540.233;Rp8.540.233;;WARRANTY
48;1797174;2047090;;WORK LAMP LED WARRANTY;NICAR;56365;;GENERAL M, PT;JAKARTA, INDONESIA;EACH;Rp1.030.800;Rp1.030.800;Rp1.030.800;;WARRANTY
49;1543479;1967876;;COVERTER DC 24-12 EX WARRANTY;ALLMAKES;A2412-25E;;BINA PERTIWI, PT;BATU KAJANG, KALIMANTAN TIMUR;EACH;Rp2.777.607;Rp2.777.607;Rp2.777.607;;WARRANTY
50;87767;1967918;;PUMPING UNIT,PRESSURE LUBRICATING;VOGEL;KFG5-10 LTR;;BATAVIA PETRO CHEMICAL, PT;JAKARTA, INDONESIA;EACH;Rp14.919.840;Rp14.919.840;Rp14.919.840;;WARRANTY
51;1096791;244313;;LED STROBE LIGHT AMBER;ECCO;7980A;;BERKAT ANUGRAH PERKASA, PT;BALIKPAPAN, KALIMANTAN;ASSY;Rp1.281.660;Rp1.281.660;Rp1.281.660;;WARRANTY
52;1480177;1967959;;STROBE LIGHT;ECCO;7960A;;BERKAT ANUGRAH PERKASA, PT;BALIKPAPAN, KALIMANTAN;EACH;Rp1.655.690;Rp1.655.690;Rp1.655.690;;WARRANTY
53;230660;259640;;"INJECTOR GP; INJECTOR GP";CAT;11R0276;;TRAKINDO UTAMA, PT (BLP);BATU KAJANG, KALIMANTAN TIMUR;EACH;Rp4.486.018,00;Rp16.260.843,00;Rp20.746.861,00;21 Days after PO;BUY BACK
54;230890;264190;;"HEAD GP CYLINDER; HEAD GP CYLINDER FULL CORE DEPOSIT; CYLINDER HEAD EX RECONDITION; UNIT MF420E";CAT;20R3929;;TRAKINDO UTAMA, PT (BLP);BATU KAJANG, KALIMANTAN TIMUR;ASSY;Rp123.970.697,00;Rp105.375.092,00;Rp229.345.789,00;21 Days after PO;BUY BACK
55;232393;259653;;"TURBO GP-BAS; TURBO GP-BAS";CAT;11R0229;;TRAKINDO UTAMA, PT (BLP);BATU KAJANG, KALIMANTAN TIMUR;EACH;Rp22.904.516,00;Rp83.029.845,00;Rp105.934.361,00;21 Days after PO;BUY BACK
56;233931;259715;;"OIL PUMP; OIL PUMP";CAT;11R0406;;TRAKINDO UTAMA, PT (BLP);BATU KAJANG, KALIMANTAN TIMUR;EACH;Rp8.717.246,00;Rp31.600.434,00;Rp40.317.680,00;21 Days after PO;BUY BACK
57;235072;259610;;"OIL COOLER; OIL COOLER";CAT;11R0381;;TRAKINDO UTAMA, PT (BLP);BATU KAJANG, KALIMANTAN TIMUR;EACH;Rp7.790.778,00;Rp28.241.291,00;Rp36.032.069,00;21 Days after PO;BUY BACK
58;236708;259598;;"INJECTOR; INJECTOR";CAT;11R0268;;TRAKINDO UTAMA, PT (BLP);BATU KAJANG, KALIMANTAN TIMUR;EACH;Rp4.486.018,00;Rp16.260.843,00;Rp20.746.861,00;21 Days after PO;BUY BACK
59;239585;259699;;"ARM AS. UI; ARM AS. UI";CAT;11R1082;;TRAKINDO UTAMA, PT (BLP);BATU KAJANG, KALIMANTAN TIMUR;EACH;Rp1.451.222,00;Rp5.260.957,00;Rp6.712.179,00;21 Days after PO;BUY BACK
60;239587;259686;;"ARM AS. V-RK; ARM AS. V-RK";CAT;11R1083;;TRAKINDO UTAMA, PT (BLP);BATU KAJANG, KALIMANTAN TIMUR;EACH;Rp1.080.154,00;Rp3.915.279,00;Rp4.995.433,00;21 Days after PO;BUY BACK
61;239981;259735;;"PUMP G-WATER; PUMP G-WATER";CAT;11R0399;;TRAKINDO UTAMA, PT (BLP);BATU KAJANG, KALIMANTAN TIMUR;EACH;Rp7.680.509,00;Rp27.841.983,00;Rp35.522.492,00;21 Days after PO;BUY BACK
62;255078;259703;;TURBO GP BAS;CAT;11R0231;;TRAKINDO UTAMA, PT (BLP);BATU KAJANG, KALIMANTAN TIMUR;#N/A;Rp18.106.471,00;Rp54.320.013,00;Rp72.426.484,00;21 Days after PO;BUY BACK
63;477356;264201;;"SWITCH AS; SWITCH AS (ELECTRONIC SPEED)";CAT;11R0994;;TRAKINDO UTAMA, PT (BLP);BATU KAJANG, KALIMANTAN TIMUR;EACH;Rp3.988.306,00;Rp14.458.026,00;Rp18.446.332,00;21 Days after PO;BUY BACK
64;647693;259719;;"STARTING MOTOR; STARTING MOTOR";CAT;10R1914;;TRAKINDO UTAMA, PT (BLP);BATU KAJANG, KALIMANTAN TIMUR;EACH;Rp18.510.811,00;Rp18.511.368,00;Rp37.022.179,00;21 Days after PO;BUY BACK
65;683284;259718;;"NOZZLE; NOZZLE";CAT;20R1941;;TRAKINDO UTAMA, PT (BLP);BATU KAJANG, KALIMANTAN TIMUR;EACH;Rp2.329.016,00;Rp519.044,00;Rp2.848.060,00;21 Days after PO;BUY BACK
66;809020;867978;;"ENGINE; ENGINE";CAT;1953816;;TRAKINDO UTAMA, PT (BLP);BATU KAJANG, KALIMANTAN TIMUR;ASSY;Rp2.948.650.893,00;Rp2.001.829.773,00;Rp4.950.480.666,00;21 Days after PO;BUY BACK
67;809046;867994;;"TRANSMISSION; TRANSMISSION";CAT;8E9035;;TRAKINDO UTAMA, PT (BLP);BATU KAJANG, KALIMANTAN TIMUR;ASSY;Rp1.801.618.402,00;Rp630.838.755,00;Rp2.432.457.157,00;21 Days after PO;BUY BACK
68;1079185;1819085;;"INJECTOR ASSY; FOR REEDRILL D245S, , ,";CAT;20R1915;;TRAKINDO UTAMA, PT (BLP);BATU KAJANG, KALIMANTAN TIMUR;ASSY;Rp6.686.587,00;Rp8.914.799,00;Rp15.601.386,00;21 Days after PO;BUY BACK
69;1079185;1819101;;"INJECTOR ASSY; FOR REEDRILL D245S";CAT;10R1266;;TRAKINDO UTAMA, PT (BLP);BATU KAJANG, KALIMANTAN TIMUR;ASSY;Rp6.686.587,00;Rp8.914.799,00;Rp15.601.386,00;21 Days after PO;BUY BACK
70;1081249;259627;;"TURBOCHARGER; TURBOCHARGER";CAT;0R7219;;TRAKINDO UTAMA, PT (BLP);BATU KAJANG, KALIMANTAN TIMUR;ASSY;Rp15.682.209,00;Rp47.046.027,00;Rp62.728.236,00;21 Days after PO;BUY BACK
71;1088319;259680;;"WATER PUMP REMAN; WATER PUMP REMAN";CAT;10R0484;;TRAKINDO UTAMA, PT (BLP);BATU KAJANG, KALIMANTAN TIMUR;ASSY;Rp13.413.436,00;Rp2.979.361,00;Rp16.392.797,00;21 Days after PO;BUY BACK
72;1112333;259665;;"STEERING CYL GP; STEERING CYL GP, , ,";CAT;1411924;;TRAKINDO UTAMA, PT (BLP);BATU KAJANG, KALIMANTAN TIMUR;EACH;Rp52.686.863,00;Rp24.579.130,00;Rp77.265.993,00;21 Days after PO;BUY BACK
73;1130376;1130384;;"WATER PUMP; WATER PUMP ASSY";CAT;0R4680;;TRAKINDO UTAMA, PT (BLP);BATU KAJANG, KALIMANTAN TIMUR;#N/A;Rp17.281.257,00;Rp3.840.180,00;Rp21.121.437,00;21 Days after PO;BUY BACK
74;1165133;259733;;"ALTERNATOR; ALTERNATOR";CAT;0R3745;;TRAKINDO UTAMA, PT (BLP);BATU KAJANG, KALIMANTAN TIMUR;ASSY;Rp20.991.938,00;Rp30.402.045,00;Rp51.393.983,00;21 Days after PO;BUY BACK
75;1220060;259628;;"OIL COOLER; OIL COOLER,";CAT;0R5513;;TRAKINDO UTAMA, PT (BLP);BATU KAJANG, KALIMANTAN TIMUR;EACH;Rp13.944.799,00;Rp20.196.321,00;Rp34.141.120,00;21 Days after PO;BUY BACK
76;1244078;2264281;;"INJECTOR GP FUEL  REMAN; INJECTOR GP FUEL REMAN, , ,";CAT;20R2284;;TRAKINDO UTAMA, PT (BLP);BATU KAJANG, KALIMANTAN TIMUR;ASSY;Rp5.722.862,00;Rp15.450.753,00;Rp21.173.615,00;21 Days after PO;BUY BACK
77;1244086;259601;;"TURBO GP REMAN; TURBO GP REMAN";CAT;10R2657;;TRAKINDO UTAMA, PT (BLP);BATU KAJANG, KALIMANTAN TIMUR;EACH;Rp18.106.471,00;Rp54.320.013,00;Rp72.426.484,00;21 Days after PO;BUY BACK
78;1298629;259682;;"ENGINE; ENGINE FOR CAT-24H LONG BLOCK";CAT;0R9360;;TRAKINDO UTAMA, PT (BLP);BATU KAJANG, KALIMANTAN TIMUR;ASSY;Rp471.486.853,00;Rp1.150.362.966,00;Rp1.621.849.819,00;21 Days after PO;BUY BACK
79;1363910;259690;;"INJECTOR; INJECTOR FOR CAT";CAT;10R3265;;TRAKINDO UTAMA, PT (BLP);BATU KAJANG, KALIMANTAN TIMUR;EACH;Rp5.722.862,00;Rp15.450.753,00;Rp21.173.615,00;21 Days after PO;BUY BACK
80;1438134;1778372;;"ECM; CONTROL GP; ECM; CONTROL GP";CAT;10R4088;;TRAKINDO UTAMA, PT (BLP);BATU KAJANG, KALIMANTAN TIMUR;#N/A;Rp26.311.432,00;Rp52.623.016,00;Rp78.934.448,00;21 Days after PO;BUY BACK
81;1509868;259651;;"HOIST CYLINDER; HOIST CYLINDER";CAT;2767646;;TRAKINDO UTAMA, PT (BLP);BATU KAJANG, KALIMANTAN TIMUR;EACH;Rp125.681.216,00;Rp21.588.802,00;Rp147.270.018,00;21 Days after PO;BUY BACK
82;1529007;259647;;"ARM; ARM";CAT;10R1365;;TRAKINDO UTAMA, PT (BLP);BATU KAJANG, KALIMANTAN TIMUR;EACH;Rp1.407.204,00;Rp1.876.373,00;Rp3.283.577,00;21 Days after PO;BUY BACK
83;1616473;259623;;"CONTROL GP; CONTROL GP";CAT;10R5648;;TRAKINDO UTAMA, PT (BLP);BATU KAJANG, KALIMANTAN TIMUR;EACH;Rp12.898.297,00;Rp34.824.986,00;Rp47.723.283,00;21 Days after PO;BUY BACK
84;1696848;259631;;"HEAD GP CYL; HEAD GP CYL";CAT;0R8516;;TRAKINDO UTAMA, PT (BLP);BATU KAJANG, KALIMANTAN TIMUR;EACH;Rp38.395.333,00;Rp88.446.669,00;Rp126.842.002,00;21 Days after PO;BUY BACK
85;1696863;259712;;"CYL PACK; CYL PACK";CAT;10R8409;;TRAKINDO UTAMA, PT (BLP);BATU KAJANG, KALIMANTAN TIMUR;EACH;Rp9.631.996,00;Rp15.801.939,00;Rp25.433.935,00;21 Days after PO;BUY BACK
86;1721877;259641;;"ROCKER ARM; ROCKER ARM";CAT;20R2159;;TRAKINDO UTAMA, PT (BLP);BATU KAJANG, KALIMANTAN TIMUR;EACH;Rp1.407.204,00;Rp1.876.373,00;Rp3.283.577,00;21 Days after PO;BUY BACK
87;1731397;259673;;"CONTROL GP; CONTROL GP";CAT;20R2065;;TRAKINDO UTAMA, PT (BLP);BATU KAJANG, KALIMANTAN TIMUR;EACH;Rp26.311.432,00;Rp52.623.016,00;Rp78.934.448,00;21 Days after PO;BUY BACK
88;1731991;259707;;"PUMPGP-F XFR; PUMPGP-F XFR";CAT;10R8714;;TRAKINDO UTAMA, PT (BLP);BATU KAJANG, KALIMANTAN TIMUR;EACH;Rp2.158.955,00;Rp6.478.369,00;Rp8.637.324,00;21 Days after PO;BUY BACK
89;1771393;259674;;"TURBO; REMAN";CAT;20R1976;;TRAKINDO UTAMA, PT (BLP);BATU KAJANG, KALIMANTAN TIMUR;EACH;Rp15.682.209,00;Rp47.046.027,00;Rp62.728.236,00;21 Days after PO;BUY BACK
90;1953447;259612;;"OIL COOLER; OIL COOLER";CAT;20R2112;;TRAKINDO UTAMA, PT (BLP);BATU KAJANG, KALIMANTAN TIMUR;EACH;Rp13.944.799,00;Rp20.196.321,00;Rp34.141.120,00;21 Days after PO;BUY BACK
91;2016848;259692;;"HEAD GP ï¿½ CYL; CYLINDER HEAD";CAT;20R0503;;TRAKINDO UTAMA, PT (BLP);BATU KAJANG, KALIMANTAN TIMUR;EACH;Rp74.381.277,00;Rp116.737.111,00;Rp191.118.388,00;21 Days after PO;BUY BACK
92;2063923;259591;;"TURBOCHARGHER; TURBOCHARGHER";CAT;10R2301;;TRAKINDO UTAMA, PT (BLP);BATU KAJANG, KALIMANTAN TIMUR;ASSY;Rp36.658.824,00;Rp69.308.332,00;Rp105.967.156,00;21 Days after PO;BUY BACK
93;2278406;264199;;"TURBO GP BAS; TURBO GP BAS; Full Core Deposit";CAT;11R0218;;TRAKINDO UTAMA, PT (BLP);BATU KAJANG, KALIMANTAN TIMUR;EACH;Rp22.904.516,00;Rp83.029.845,00;Rp105.934.361,00;21 Days after PO;BUY BACK
94;2282085;259620;;"MOTOR-PUMP, HYDRAULIC; MOTOR GP PST FULL CORE DEPOSIT UNIT SK50";CAT;11R0790;;TRAKINDO UTAMA, PT (BLP);BATU KAJANG, KALIMANTAN TIMUR;EACH;Rp36.407.339,00;Rp131.976.049,00;Rp168.383.388,00;21 Days after PO;BUY BACK
95;159079;264216;;GENERATOR, ALTERNATING CURRENT;CAT;316-7251;;TRAKINDO UTAMA, PT (BLP);BATU KAJANG, KALIMANTAN TIMUR;ASSY;;;;21 Days after PO;BUY BACK
96;1161934;259611;;SPRING INSERT PROTECTION LH;SCANIA;1433033;;TRAKINDO UTAMA, PT (BLP);BATU KAJANG, KALIMANTAN TIMUR;EACH;;;;21 Days after PO;BUY BACK
97;1093426;1585520;;TORQUE CONVERTER ASSY;CAT;8E-3673;;TRAKINDO UTAMA, PT (BLP);BATU KAJANG, KALIMANTAN TIMUR;ASSY;;;;21 Days after PO;BUY BACK
98;1093434;1901131;;TORQUE CONVENTER ASSY REMAN;CAT;0R-4095;;TRAKINDO UTAMA, PT (BLP);BATU KAJANG, KALIMANTAN TIMUR;ASSY;;;;21 Days after PO;BUY BACK
99;1340363;1833961;;ENGINE C15 ACERT;CAT;241-0020;;TRAKINDO UTAMA, PT (BLP);BATU KAJANG, KALIMANTAN TIMUR;ASSY;;;;21 Days after PO;BUY BACK
100;1340363;1833961;;ENGINE C15 ACERT;CAT;241-0020;;TRAKINDO UTAMA, PT (BLP);BATU KAJANG, KALIMANTAN TIMUR;ASSY;;;;21 Days after PO;BUY BACK
101;1379692;264235;;CYLINDER SIDE ASSY;CAT;257-5083;;TRAKINDO UTAMA, PT (BLP);BATU KAJANG, KALIMANTAN TIMUR;ASSY;;;;21 Days after PO;BUY BACK
102;1732213;264206;;WATER PUMP;CAT;20R-2126;;TRAKINDO UTAMA, PT (BLP);BATU KAJANG, KALIMANTAN TIMUR;EACH;;;;21 Days after PO;BUY BACK
103;2146223;259607;;TURBO GP;CAT;20R-5849;;TRAKINDO UTAMA, PT (BLP);BATU KAJANG, KALIMANTAN TIMUR;EACH;;;;21 Days after PO;BUY BACK
104;2245553;264236;;CYLINDER ARTICULATED;CAT;505-0590;;TRAKINDO UTAMA, PT (BLP);BATU KAJANG, KALIMANTAN TIMUR;ASSY;;;;21 Days after PO;BUY BACK
105;2276947;259597;;ENGINE,DIESEL;CAT;3505502;;TRAKINDO UTAMA, PT (BLP);BATU KAJANG, KALIMANTAN TIMUR;EACH;;;;21 Days after PO;BUY BACK
106;2274041;259737;;ENGINE CAT C15 BRAND NEW;CAT;3885393:AA;;TRAKINDO UTAMA, PT (BLP);BATU KAJANG, KALIMANTAN TIMUR;ASSY;;;;21 Days after PO;BUY BACK
107;232723;264209;;PUMP GROUP;CAT;11R-0413;;TRAKINDO UTAMA, PT (BLP);BATU KAJANG, KALIMANTAN TIMUR;EACH;;;;21 Days after PO;BUY BACK
108;262432;264227;;STEERING CYL LH;CAT;3846752;;TRAKINDO UTAMA, PT (BLP);BATU KAJANG, KALIMANTAN TIMUR;ASSY;;;;21 Days after PO;BUY BACK
109;259859;264233;;CYLINDER ASS'Y;CAT;509-6996;;TRAKINDO UTAMA, PT (BLP);BATU KAJANG, KALIMANTAN TIMUR;ASSY;;;;21 Days after PO;BUY BACK
110;262433;264243;;STEERING CYL RH;CAT;3846751;;TRAKINDO UTAMA, PT (BLP);BATU KAJANG, KALIMANTAN TIMUR;ASSY;;;;21 Days after PO;BUY BACK
111;1849967;;;BRACKET;SCANIA;1487200;;TRAKINDO UTAMA, PT (BLP);BATU KAJANG, KALIMANTAN TIMUR;EACH;;;;21 Days after PO;BUY BACK
112;264543;264213;;TRANSMISSION;CAT;3810675;;TRAKINDO UTAMA, PT (BLP);BATU KAJANG, KALIMANTAN TIMUR;EACH;;;;21 Days after PO;BUY BACK
113;265117;;;CYLINDER GP;CAT;9T8944;;TRAKINDO UTAMA, PT (BLP);BATU KAJANG, KALIMANTAN TIMUR;EACH;;;;21 Days after PO;BUY BACK
114;265100;;;CYLINDER GP-WHEEL LEAN;CAT;2495299;;TRAKINDO UTAMA, PT (BLP);BATU KAJANG, KALIMANTAN TIMUR;EACH;;;;21 Days after PO;BUY BACK
115;2286656;259737;;ENGINE AR-C;CAT;3885393:PX;;TRAKINDO UTAMA, PT (BLP);BATU KAJANG, KALIMANTAN TIMUR;ASSY;;;;21 Days after PO;BUY BACK
116;264542;;;AXLE GP-REAR;CAT;3848474:PX;;TRAKINDO UTAMA, PT (BLP);BATU KAJANG, KALIMANTAN TIMUR;EACH;;;;21 Days after PO;BUY BACK
117;2274041;259737;;ENGINE AR-C;CAT;3885393:AA;;TRAKINDO UTAMA, PT (BLP);BATU KAJANG, KALIMANTAN TIMUR;ASSY;;;;21 Days after PO;BUY BACK
118;254823;264544;;ENGINE;CAT;4223849-PX;;TRAKINDO UTAMA, PT (BLP);BATU KAJANG, KALIMANTAN TIMUR;ASSY;;;;22 Days after PO;BUY BACK
119;254824;264213;;TRANSMISSION;CAT;3810675;;TRAKINDO UTAMA, PT (BLP);BATU KAJANG, KALIMANTAN TIMUR;EACH;;;;21 Days after PO;BUY BACK
120;1167790;;;EXTENTION BAR 1/2X250MM;HEYCO;HY-00050050083;TOOLS;PT LANCAR MAKMUR BERSAMA;JAKARTA, INDONESIA;EACH;;;;LIFE TIME;WARRANTY
121;1167808;;;UNIVERSAL JOINT 1/2INCH;HEYCO;HY-00050060083;TOOLS;PT LANCAR MAKMUR BERSAMA;JAKARTA, INDONESIA;EACH;;;;LIFE TIME;WARRANTY
122;1167816;;;SLIDING T-HANDLE 3/4INCH;HEYCO;HY-00100030180;TOOLS;PT LANCAR MAKMUR BERSAMA;JAKARTA, INDONESIA;EACH;;;;LIFE TIME;WARRANTY
123;1167824;;;EXTENTION BAR 3/4X200MM;HEYCO;HY-00100040080;TOOLS;PT LANCAR MAKMUR BERSAMA;JAKARTA, INDONESIA;EACH;;;;LIFE TIME;WARRANTY
124;1167832;;;EXTENTION BAR 3/4X400MM;HEYCO;HY-00100050080;TOOLS;PT LANCAR MAKMUR BERSAMA;JAKARTA, INDONESIA;EACH;;;;LIFE TIME;WARRANTY
125;1167840;;;PLIER WATER PUMP 240MM;HEYCO;HY-00315024086;TOOLS;PT LANCAR MAKMUR BERSAMA;JAKARTA, INDONESIA;EACH;;;;LIFE TIME;WARRANTY
126;1167857;;;PLIER COMBINATION 180MM;HEYCO;HY-01200018087;TOOLS;PT LANCAR MAKMUR BERSAMA;JAKARTA, INDONESIA;EACH;;;;LIFE TIME;WARRANTY
127;1167865;;;PLIER GRIP UNIVERSAL 250MM;HEYCO;HY-01280025050;TOOLS;PT LANCAR MAKMUR BERSAMA;JAKARTA, INDONESIA;EACH;;;;LIFE TIME;WARRANTY
128;1167873;;;PLIER LONG FLAT NOSE 160MM;HEYCO;HY-01206016086;TOOLS;PT LANCAR MAKMUR BERSAMA;JAKARTA, INDONESIA;EACH;;;;LIFE TIME;WARRANTY
129;1167881;;;PLIER LONG ROUND NOSE 160MM;HEYCO;HY-01207016087;TOOLS;PT LANCAR MAKMUR BERSAMA;JAKARTA, INDONESIA;EACH;;;;LIFE TIME;WARRANTY
130;1169408;;;HACK SAW FRAME 450MM;HEYCO;HY-01610000080;TOOLS;PT LANCAR MAKMUR BERSAMA;JAKARTA, INDONESIA;EACH;;;;LIFE TIME;WARRANTY
131;1169416;;;SCRAPPER, FLAT 50MM;HEYCO;1666005000;TOOLS;PT LANCAR MAKMUR BERSAMA;JAKARTA, INDONESIA;EACH;;;;LIFE TIME;WARRANTY
132;1167899;;;PLIER CUTTING NIPPERS 165MM;HEYCO;1212016086;TOOLS;PT LANCAR MAKMUR BERSAMA;JAKARTA, INDONESIA;EACH;;;;LIFE TIME;WARRANTY
133;1167949;;;ALLEN KEY 14MM;HEYCO;HY-01340014030;TOOLS;PT LANCAR MAKMUR BERSAMA;JAKARTA, INDONESIA;EACH;;;;LIFE TIME;WARRANTY
134;1167956;;;ALLEN KEY 14MM;HEYCO;1340727031;TOOLS;PT LANCAR MAKMUR BERSAMA;JAKARTA, INDONESIA;EACH;;;;LIFE TIME;WARRANTY
135;1167964;;;TORX BIT SET 400MM;HEYCO;TW-HXRXT9-T40;TOOLS;PT LANCAR MAKMUR BERSAMA;JAKARTA, INDONESIA;SET ;;;;LIFE TIME;WARRANTY
136;1167972;;;CAR LIGHT TESTER;HEYCO;GM-SDCT12V;TOOLS;PT LANCAR MAKMUR BERSAMA;JAKARTA, INDONESIA;EACH;;;;LIFE TIME;WARRANTY
137;1167980;;;SCREWDRIVER ( + ) 25MM;HEYCO;HY-01411000180;TOOLS;PT LANCAR MAKMUR BERSAMA;JAKARTA, INDONESIA;EACH;;;;LIFE TIME;WARRANTY
138;1167998;;;SCREWDRIVER ( + ) 100MM;HEYCO;HY-01411002080;TOOLS;PT LANCAR MAKMUR BERSAMA;JAKARTA, INDONESIA;EACH;;;;LIFE TIME;WARRANTY
139;1168004;;;SCREWDRIVER ( + ) 150MM;HEYCO;HY-01411003080;TOOLS;PT LANCAR MAKMUR BERSAMA;JAKARTA, INDONESIA;EACH;;;;LIFE TIME;WARRANTY
140;1168012;;;SCREWDRIVER ( + ) 25MM;HEYCO;HY-01411000280;TOOLS;PT LANCAR MAKMUR BERSAMA;JAKARTA, INDONESIA;EACH;;;;LIFE TIME;WARRANTY
141;1168020;;;SCREWDRIVER ( - ) 150MM;HEYCO;HY-01437015080;TOOLS;PT LANCAR MAKMUR BERSAMA;JAKARTA, INDONESIA;EACH;;;;LIFE TIME;WARRANTY
142;1168038;;;SCREWDRIVER ( - ) 175MM;HEYCO;HY-01437017580;TOOLS;PT LANCAR MAKMUR BERSAMA;JAKARTA, INDONESIA;EACH;;;;LIFE TIME;WARRANTY
143;1168046;;;MAGNETIC FINGER 450MM;HEYCO;HY-01494000183;TOOLS;PT LANCAR MAKMUR BERSAMA;JAKARTA, INDONESIA;EACH;;;;LIFE TIME;WARRANTY
144;1168053;;;COPPER HAMMER 2 KG;HEYCO;MY-2102-2STF(RB);TOOLS;PT LANCAR MAKMUR BERSAMA;JAKARTA, INDONESIA;EACH;;;;LIFE TIME;WARRANTY
145;1168061;;;HAMMER NYLON 40MM;HEYCO;GM-HANY40;TOOLS;PT LANCAR MAKMUR BERSAMA;JAKARTA, INDONESIA;EACH;;;;LIFE TIME;WARRANTY
146;1168079;;;HAMMER RUBBER MALLET 54MM;HEYCO;GM-HARU65M;TOOLS;PT LANCAR MAKMUR BERSAMA;JAKARTA, INDONESIA;EACH;;;;LIFE TIME;WARRANTY
147;1168087;;;PRY BAR 400MM;HEYCO;HY-02198040080;TOOLS;PT LANCAR MAKMUR BERSAMA;JAKARTA, INDONESIA;EACH;;;;LIFE TIME;WARRANTY
148;1168103;;;PARALLEL PUNCH 6PCS;HEYCO;1566000021;TOOLS;PT LANCAR MAKMUR BERSAMA;JAKARTA, INDONESIA;SET ;;;;LIFE TIME;WARRANTY
149;1168111;;;HACKSAW FRAME;HEYCO;1605000020;TOOLS;PT LANCAR MAKMUR BERSAMA;JAKARTA, INDONESIA;EACH;;;;LIFE TIME;WARRANTY
150;1168129;;;SCRAPPER FLAT 100MM;HEYCO;HY-01665028060;TOOLS;PT LANCAR MAKMUR BERSAMA;JAKARTA, INDONESIA;EACH;;;;LIFE TIME;WARRANTY
151;1168137;;;SCRAPPER TRIANGULAR 200MM;HEYCO;HY-01662020021;TOOLS;PT LANCAR MAKMUR BERSAMA;JAKARTA, INDONESIA;EACH;;;;LIFE TIME;WARRANTY
152;1168145;;;FILE SET WARDING 100MM;HEYCO;HY-01689000030;TOOLS;PT LANCAR MAKMUR BERSAMA;JAKARTA, INDONESIA;EACH;;;;LIFE TIME;WARRANTY
153;1168194;;;WIRE BRUSH 4;HEYCO;HY-01755000400;TOOLS;PT LANCAR MAKMUR BERSAMA;JAKARTA, INDONESIA;EACH;;;;LIFE TIME;WARRANTY
154;1168202;;;FEELER GAUGE 0.05-1.0MM;HEYCO;HY-01814000440;TOOLS;PT LANCAR MAKMUR BERSAMA;JAKARTA, INDONESIA;EACH;;;;LIFE TIME;WARRANTY
155;1168228;;;TOOL BOX EMPTY;HEYCO;HY-00100001020;TOOLS;PT LANCAR MAKMUR BERSAMA;JAKARTA, INDONESIA;EACH;;;;LIFE TIME;WARRANTY
156;1168244;;;OPEN END 1/4INCH X 5/16INCH;HEYCO;HY-00350660682;TOOLS;PT LANCAR MAKMUR BERSAMA;JAKARTA, INDONESIA;EACH;;;;LIFE TIME;WARRANTY
157;1168251;;;OPEN END 3/8INCH X 7/16INCH;HEYCO;HY-00350661382;TOOLS;PT LANCAR MAKMUR BERSAMA;JAKARTA, INDONESIA;EACH;;;;LIFE TIME;WARRANTY
158;1168269;;;OPEN END 1/2INCH X 9/16INCH;HEYCO;HY-00350661982;TOOLS;PT LANCAR MAKMUR BERSAMA;JAKARTA, INDONESIA;EACH;;;;LIFE TIME;WARRANTY
159;1168277;;;OPEN END 19/32INCH X 11/16INCH;HEYCO;HY-00350662582;TOOLS;PT LANCAR MAKMUR BERSAMA;JAKARTA, INDONESIA;EACH;;;;LIFE TIME;WARRANTY
160;1168368;;;OPEN END 5/8INCH X 3/4INCH;HEYCO;HY-00350662882;TOOLS;PT LANCAR MAKMUR BERSAMA;JAKARTA, INDONESIA;EACH;;;;LIFE TIME;WARRANTY
161;1168384;;;OPEN END 3/4INCH X 25/32INCH;HEYCO;HY-00350663582;TOOLS;PT LANCAR MAKMUR BERSAMA;JAKARTA, INDONESIA;EACH;;;;LIFE TIME;WARRANTY
162;1168400;;;PLIER CIRCLIP ANGLE EXT 165MM;HEYCO;HY-01252016587;TOOLS;PT LANCAR MAKMUR BERSAMA;JAKARTA, INDONESIA;EACH;;;;LIFE TIME;WARRANTY
163;1168426;;;OPEN END 13/16INCH X 7/8INCH;HEYCO;HY-00350664182;TOOLS;PT LANCAR MAKMUR BERSAMA;JAKARTA, INDONESIA;EACH;;;;LIFE TIME;WARRANTY
164;1168442;;;OPEN END 7/8INCH X 15/16INCH;HEYCO;HY-00350664382;TOOLS;PT LANCAR MAKMUR BERSAMA;JAKARTA, INDONESIA;EACH;;;;LIFE TIME;WARRANTY
165;1168467;;;OPEN END 15/16INCH X 1INCH;HEYCO;HY-00350664682;TOOLS;PT LANCAR MAKMUR BERSAMA;JAKARTA, INDONESIA;EACH;;;;LIFE TIME;WARRANTY
166;1168475;;;OPEN END 1 1/16INCH X 1 1/4INCH;HEYCO;HY-00350665382;TOOLS;PT LANCAR MAKMUR BERSAMA;JAKARTA, INDONESIA;EACH;;;;LIFE TIME;WARRANTY
167;1168491;;;DOUBLE ENDED RING WRENCHES ? x 5/16 INCH;HEYCO;HY-00475660682;TOOLS;PT LANCAR MAKMUR BERSAMA;JAKARTA, INDONESIA;EACH;;;;LIFE TIME;WARRANTY
168;1168525;;;DOUBLE ENDED RING WRENCHES  3/8 x 7/16 I;HEYCO;HY-00475661382;TOOLS;PT LANCAR MAKMUR BERSAMA;JAKARTA, INDONESIA;EACH;;;;LIFE TIME;WARRANTY
169;1168533;;;"DOUBLE ENDED RING WRENCHES 1/2 x 9/16""";HEYCO;HY-00475661982;TOOLS;PT LANCAR MAKMUR BERSAMA;JAKARTA, INDONESIA;EACH;;;;LIFE TIME;WARRANTY
170;1168541;;;DOUBLE ENDED RING WRENCHES  9/16 x 5/8 I;HEYCO;HY-00475662282;TOOLS;PT LANCAR MAKMUR BERSAMA;JAKARTA, INDONESIA;EACH;;;;LIFE TIME;WARRANTY
171;1168558;;;DOUBLE ENDED RING WRENCHES 5/8 x 11/16 I;HEYCO;HY-00475662782;TOOLS;PT LANCAR MAKMUR BERSAMA;JAKARTA, INDONESIA;EACH;;;;LIFE TIME;WARRANTY
172;1168566;;;DOUBLE ENDED RING WRENCHES 5/8 x ? INCH;HEYCO;HY-00475662882;TOOLS;PT LANCAR MAKMUR BERSAMA;JAKARTA, INDONESIA;EACH;;;;LIFE TIME;WARRANTY
173;1168574;;;DOUBLE ENDED RING WRENCHES ? x 25/32 INC;HEYCO;HY-00475663582;TOOLS;PT LANCAR MAKMUR BERSAMA;JAKARTA, INDONESIA;EACH;;;;LIFE TIME;WARRANTY
174;1167071;;;ADJUSTER WRENCH 28X255MM;HEYCO;HY-00390001082;TOOLS;PT LANCAR MAKMUR BERSAMA;JAKARTA, INDONESIA;EACH;;;;LIFE TIME;WARRANTY
175;1167089;;;OPEN END 6X7 MM;HEYCO;HY-00350060782;TOOLS;PT LANCAR MAKMUR BERSAMA;JAKARTA, INDONESIA;EACH;;;;LIFE TIME;WARRANTY
176;1167097;;;OPEN END 8X9MM;HEYCO;HY-00350080982;TOOLS;PT LANCAR MAKMUR BERSAMA;JAKARTA, INDONESIA;EACH;;;;LIFE TIME;WARRANTY
177;1167105;;;OPEN END 10X11MM;HEYCO;HY-00350101182;TOOLS;PT LANCAR MAKMUR BERSAMA;JAKARTA, INDONESIA;EACH;;;;LIFE TIME;WARRANTY
178;1167121;;;OPEN END 14X15MM;HEYCO;HY-00350141582;TOOLS;PT LANCAR MAKMUR BERSAMA;JAKARTA, INDONESIA;EACH;;;;LIFE TIME;WARRANTY
179;1167139;;;OPEN END 16X17MM;HEYCO;HY-00350161782;TOOLS;PT LANCAR MAKMUR BERSAMA;JAKARTA, INDONESIA;EACH;;;;LIFE TIME;WARRANTY
180;1167147;;;OPEN END 18X19MM;HEYCO;HY-00350181982;TOOLS;PT LANCAR MAKMUR BERSAMA;JAKARTA, INDONESIA;EACH;;;;LIFE TIME;WARRANTY
181;1167154;;;OPEN END 20X22MM;HEYCO;HY-00350202282;TOOLS;PT LANCAR MAKMUR BERSAMA;JAKARTA, INDONESIA;EACH;;;;LIFE TIME;WARRANTY
182;1167162;;;OPEN END 21X23MM;HEYCO;HY-00350212382;TOOLS;PT LANCAR MAKMUR BERSAMA;JAKARTA, INDONESIA;EACH;;;;LIFE TIME;WARRANTY
183;1167170;;;OPEN END 24X27MM;HEYCO;HY-00350242782;TOOLS;PT LANCAR MAKMUR BERSAMA;JAKARTA, INDONESIA;EACH;;;;LIFE TIME;WARRANTY
184;1167188;;;OPEN END 25X28MM;HEYCO;HY-00350252882;TOOLS;PT LANCAR MAKMUR BERSAMA;JAKARTA, INDONESIA;EACH;;;;LIFE TIME;WARRANTY
185;1167204;;;DOUBLE ENDED RING WRENCHES 6x7;HEYCO;HY-00475060782;TOOLS;PT LANCAR MAKMUR BERSAMA;JAKARTA, INDONESIA;EACH;;;;LIFE TIME;WARRANTY
186;1167212;;;DOUBLE ENDED RING WRENCHES 8x9;HEYCO;HY-00475080982;TOOLS;PT LANCAR MAKMUR BERSAMA;JAKARTA, INDONESIA;EACH;;;;LIFE TIME;WARRANTY
187;1168699;;;OPEN END 1INCH X 1 1/8INCH;HEYCO;HY-00350665082;TOOLS;PT LANCAR MAKMUR BERSAMA;JAKARTA, INDONESIA;EACH;;;;LIFE TIME;WARRANTY
188;1168707;;;DOUBLE ENDED RING WRENCHES 13/16 x 7/8 I;HEYCO;HY-00475664182;TOOLS;PT LANCAR MAKMUR BERSAMA;JAKARTA, INDONESIA;EACH;;;;LIFE TIME;WARRANTY
189;1168715;;;DOUBLE ENDED RING WRENCHES 7/8 x 15/16 I;HEYCO;HY-00475664382;TOOLS;PT LANCAR MAKMUR BERSAMA;JAKARTA, INDONESIA;EACH;;;;LIFE TIME;WARRANTY
190;1168723;;;DOUBLE ENDED RING WRENCHES 15/16 x 1 INC;HEYCO;HY-00475664682;TOOLS;PT LANCAR MAKMUR BERSAMA;JAKARTA, INDONESIA;EACH;;;;LIFE TIME;WARRANTY
191;1168731;;;DOUBLE ENDED RING WRENCHES 1 x 1.1/8 INC;HEYCO;HY-00475665082;TOOLS;PT LANCAR MAKMUR BERSAMA;JAKARTA, INDONESIA;EACH;;;;LIFE TIME;WARRANTY
192;1168756;;;COMBINATION WRENCHES 5/16 INCH;HEYCO;HY-00400631682;TOOLS;PT LANCAR MAKMUR BERSAMA;JAKARTA, INDONESIA;EACH;;;;LIFE TIME;WARRANTY
193;1168764;;;COMBINATION WRENCHES 3/8 INCH;HEYCO;HY-00400631982;TOOLS;PT LANCAR MAKMUR BERSAMA;JAKARTA, INDONESIA;EACH;;;;LIFE TIME;WARRANTY
194;1168772;;;COMBINATION WRENCHES ? INCH;HEYCO;HY-00400632182;TOOLS;PT LANCAR MAKMUR BERSAMA;JAKARTA, INDONESIA;EACH;;;;LIFE TIME;WARRANTY
195;1167220;;;DOUBLE ENDED RING WRENCHES 10x11;HEYCO;HY-00475101182;TOOLS;PT LANCAR MAKMUR BERSAMA;JAKARTA, INDONESIA;EACH;;;;LIFE TIME;WARRANTY
196;1167238;;;DOUBLE ENDED RING WRENCHES 12x13;HEYCO;HY-00475121382;TOOLS;PT LANCAR MAKMUR BERSAMA;JAKARTA, INDONESIA;EACH;;;;LIFE TIME;WARRANTY
197;1167246;;;DOUBLE ENDED RING WRENCHES 14x15;HEYCO;HY-00475141582;TOOLS;PT LANCAR MAKMUR BERSAMA;JAKARTA, INDONESIA;EACH;;;;LIFE TIME;WARRANTY
198;1167253;;;DOUBLE ENDED RING WRENCHES 16x17;HEYCO;HY-00475161782;TOOLS;PT LANCAR MAKMUR BERSAMA;JAKARTA, INDONESIA;EACH;;;;LIFE TIME;WARRANTY
199;1167261;;;DOUBLE ENDED RING WRENCHES 18x19;HEYCO;HY-00475181982;TOOLS;PT LANCAR MAKMUR BERSAMA;JAKARTA, INDONESIA;EACH;;;;LIFE TIME;WARRANTY
200;1167279;;;DOUBLE ENDED RING WRENCHES 20x22;HEYCO;HY-00475202282;TOOLS;PT LANCAR MAKMUR BERSAMA;JAKARTA, INDONESIA;EACH;;;;LIFE TIME;WARRANTY
201;1167287;;;DOUBLE ENDED RING WRENCHES 21x23;HEYCO;HY-00475212382;TOOLS;PT LANCAR MAKMUR BERSAMA;JAKARTA, INDONESIA;EACH;;;;LIFE TIME;WARRANTY
202;1167295;;;DOUBLE ENDED RING WRENCHES 24x27;HEYCO;HY-00475242782;TOOLS;PT LANCAR MAKMUR BERSAMA;JAKARTA, INDONESIA;EACH;;;;LIFE TIME;WARRANTY
203;1167303;;;COMBINATION WRENCHES;HEYCO;HY-00400008082;TOOLS;PT LANCAR MAKMUR BERSAMA;JAKARTA, INDONESIA;EACH;;;;LIFE TIME;WARRANTY
204;1168806;;;COMBINATION WRENCHES 19/32 INCH;HEYCO;HY-00400632682;TOOLS;PT LANCAR MAKMUR BERSAMA;JAKARTA, INDONESIA;EACH;;;;LIFE TIME;WARRANTY
205;1168814;;;COMBINATION WRENCHES 5/8 INCH;HEYCO;HY-00400632782;TOOLS;PT LANCAR MAKMUR BERSAMA;JAKARTA, INDONESIA;EACH;;;;LIFE TIME;WARRANTY
206;1168822;;;COMBINATION WRENCHES 11/16 INCH;HEYCO;HY-00400632982;TOOLS;PT LANCAR MAKMUR BERSAMA;JAKARTA, INDONESIA;EACH;;;;LIFE TIME;WARRANTY
207;1168830;;;COMBINATION WRENCHES ?  INCH;HEYCO;HY-00400633182;TOOLS;PT LANCAR MAKMUR BERSAMA;JAKARTA, INDONESIA;EACH;;;;LIFE TIME;WARRANTY
208;1168855;;;COMBINATION WRENCHES 13/16 INCH;HEYCO;HY-00400633382;TOOLS;PT LANCAR MAKMUR BERSAMA;JAKARTA, INDONESIA;EACH;;;;LIFE TIME;WARRANTY
209;1168863;;;COMBINATION WRENCHES 7/8 INCH;HEYCO;HY-00400633482;TOOLS;PT LANCAR MAKMUR BERSAMA;JAKARTA, INDONESIA;EACH;;;;LIFE TIME;WARRANTY
210;1167311;;;COMBINATION WRENCHES 9 MM;HEYCO;HY-00400009082;TOOLS;PT LANCAR MAKMUR BERSAMA;JAKARTA, INDONESIA;EACH;;;;LIFE TIME;WARRANTY
211;1167329;;;COMBINATION WRENCHES 10 MM;HEYCO;HY-00400010082;TOOLS;PT LANCAR MAKMUR BERSAMA;JAKARTA, INDONESIA;EACH;;;;LIFE TIME;WARRANTY
212;1167337;;;COMBINATION WRENCHES 11 MM;HEYCO;HY-00400011082;TOOLS;PT LANCAR MAKMUR BERSAMA;JAKARTA, INDONESIA;EACH;;;;LIFE TIME;WARRANTY
213;1167345;;;COMBINATION WRENCHES 12 MM;HEYCO;HY-00400012082;TOOLS;PT LANCAR MAKMUR BERSAMA;JAKARTA, INDONESIA;EACH;;;;LIFE TIME;WARRANTY
214;1167352;;;COMBINATION WRENCHES 13 MM;HEYCO;HY-00400013082;TOOLS;PT LANCAR MAKMUR BERSAMA;JAKARTA, INDONESIA;EACH;;;;LIFE TIME;WARRANTY
215;1167360;;;COMBINATION WRENCHES 14 MM;HEYCO;HY-00400014082;TOOLS;PT LANCAR MAKMUR BERSAMA;JAKARTA, INDONESIA;EACH;;;;LIFE TIME;WARRANTY
216;1167378;;;COMBINATION WRENCHES 15 MM;HEYCO;HY-00400015082;TOOLS;PT LANCAR MAKMUR BERSAMA;JAKARTA, INDONESIA;EACH;;;;LIFE TIME;WARRANTY
217;1167386;;;COMBINATION WRENCHES 16 MM;HEYCO;HY-00400016082;TOOLS;PT LANCAR MAKMUR BERSAMA;JAKARTA, INDONESIA;EACH;;;;LIFE TIME;WARRANTY
218;1167394;;;COMBINATION WRENCHES 17 MM;HEYCO;HY-00400017082;TOOLS;PT LANCAR MAKMUR BERSAMA;JAKARTA, INDONESIA;EACH;;;;LIFE TIME;WARRANTY
219;1168871;;;COMBINATION WRENCHES 15/16 INCH;HEYCO;HY-00400633582;TOOLS;PT LANCAR MAKMUR BERSAMA;JAKARTA, INDONESIA;EACH;;;;LIFE TIME;WARRANTY
220;1168889;;;COMBINATION WRENCHES 1.1/16 INCH;HEYCO;HY-00400633882;TOOLS;PT LANCAR MAKMUR BERSAMA;JAKARTA, INDONESIA;EACH;;;;LIFE TIME;WARRANTY
221;1168897;;;COMBINATION WRENCHES 1.1/8 INCH;HEYCO;HY-00400633982;TOOLS;PT LANCAR MAKMUR BERSAMA;JAKARTA, INDONESIA;EACH;;;;LIFE TIME;WARRANTY
222;1168905;;;COMBINATION WRENCHES 1.1/4 INCH;HEYCO;HY-00400634182;TOOLS;PT LANCAR MAKMUR BERSAMA;JAKARTA, INDONESIA;EACH;;;;LIFE TIME;WARRANTY
223;1168954;;;HALF MOON 9/16INCH X 5/8INCH;HEYCO;430662282;TOOLS;PT LANCAR MAKMUR BERSAMA;JAKARTA, INDONESIA;EACH;;;;LIFE TIME;WARRANTY
224;1168962;;;HALF MOON 3/4INCH X 7/8INCH;HEYCO;430663782;TOOLS;PT LANCAR MAKMUR BERSAMA;JAKARTA, INDONESIA;EACH;;;;LIFE TIME;WARRANTY
225;1167402;;;COMBINATION WRENCHES 19 MM;HEYCO;HY-00400019082;TOOLS;PT LANCAR MAKMUR BERSAMA;JAKARTA, INDONESIA;EACH;;;;LIFE TIME;WARRANTY
226;1167410;;;COMBINATION WRENCHES 22 MM;HEYCO;HY-00400022082;TOOLS;PT LANCAR MAKMUR BERSAMA;JAKARTA, INDONESIA;EACH;;;;LIFE TIME;WARRANTY
227;1167428;;;COMBINATION WRENCHES 24 MM;HEYCO;HY-00400024082;TOOLS;PT LANCAR MAKMUR BERSAMA;JAKARTA, INDONESIA;EACH;;;;LIFE TIME;WARRANTY
228;1167436;;;COMBINATION WRENCHES 1 INCH;HEYCO;HY-00400633782;TOOLS;PT LANCAR MAKMUR BERSAMA;JAKARTA, INDONESIA;EACH;;;;LIFE TIME;WARRANTY
229;1167444;;;COMBINATION WRENCHES 27 MM;HEYCO;HY-00400027082;TOOLS;PT LANCAR MAKMUR BERSAMA;JAKARTA, INDONESIA;EACH;;;;LIFE TIME;WARRANTY
230;1167451;;;COMBINATION WRENCHES 30 MM;HEYCO;HY-00400030082;TOOLS;PT LANCAR MAKMUR BERSAMA;JAKARTA, INDONESIA;EACH;;;;LIFE TIME;WARRANTY
231;1167469;;;COMBINATION WRENCHES 32 MM;HEYCO;HY-00400032082;TOOLS;PT LANCAR MAKMUR BERSAMA;JAKARTA, INDONESIA;EACH;;;;LIFE TIME;WARRANTY
232;1167477;;;HALF MOON 14X17MM;HEYCO;HY-00430141782;TOOLS;PT LANCAR MAKMUR BERSAMA;JAKARTA, INDONESIA;EACH;;;;LIFE TIME;WARRANTY
233;1167485;;;HALF MOON 19X22MM;HEYCO;HY-00430192282;TOOLS;PT LANCAR MAKMUR BERSAMA;JAKARTA, INDONESIA;EACH;;;;LIFE TIME;WARRANTY
234;1168970;;;SOCKET 1/2 INCH;HEYCO;50031983;TOOLS;PT LANCAR MAKMUR BERSAMA;JAKARTA, INDONESIA;EACH;;;;LIFE TIME;WARRANTY
235;1168988;;;SOCKET 1/2INCH;HEYCO;HY-00050032183;TOOLS;PT LANCAR MAKMUR BERSAMA;JAKARTA, INDONESIA;EACH;;;;LIFE TIME;WARRANTY
236;1168996;;;SOCKET 1/2INCH;HEYCO;HY-00050032383;TOOLS;PT LANCAR MAKMUR BERSAMA;JAKARTA, INDONESIA;EACH;;;;LIFE TIME;WARRANTY
237;1169002;;;SOCKET 1/2INCH;HEYCO;HY-00050032583;TOOLS;PT LANCAR MAKMUR BERSAMA;JAKARTA, INDONESIA;EACH;;;;LIFE TIME;WARRANTY
238;1169010;;;SOCKET 1/2INCH;HEYCO;HY-00050032683;TOOLS;PT LANCAR MAKMUR BERSAMA;JAKARTA, INDONESIA;EACH;;;;LIFE TIME;WARRANTY
239;1169028;;;SOCKET 1/2INCH;HEYCO;HY-00050032783;TOOLS;PT LANCAR MAKMUR BERSAMA;JAKARTA, INDONESIA;EACH;;;;LIFE TIME;WARRANTY
240;1169036;;;SOCKET 1/2INCH;HEYCO;HY-00050033183;TOOLS;PT LANCAR MAKMUR BERSAMA;JAKARTA, INDONESIA;EACH;;;;LIFE TIME;WARRANTY
241;1169044;;;SOCKET 1/2INCH;HEYCO;HY-00050032983;TOOLS;PT LANCAR MAKMUR BERSAMA;JAKARTA, INDONESIA;EACH;;;;LIFE TIME;WARRANTY
242;1169051;;;SOCKET 1/2INCH;HEYCO;HY-00050033383;TOOLS;PT LANCAR MAKMUR BERSAMA;JAKARTA, INDONESIA;EACH;;;;LIFE TIME;WARRANTY
243;1169069;;;SOCKET 1/2INCH;HEYCO;HY-00050033483;TOOLS;PT LANCAR MAKMUR BERSAMA;JAKARTA, INDONESIA;EACH;;;;LIFE TIME;WARRANTY
244;1167501;;;FLARE NUT 17X19MM;HEYCO;HY-00497171980;TOOLS;PT LANCAR MAKMUR BERSAMA;JAKARTA, INDONESIA;EACH;;;;LIFE TIME;WARRANTY
245;1167519;;;SOCKET 1/2INCH  X 10MM;HEYCO;HY-00050001083;TOOLS;PT LANCAR MAKMUR BERSAMA;JAKARTA, INDONESIA;EACH;;;;LIFE TIME;WARRANTY
246;1167527;;;SOCKET 1/2INCH X 11MM;HEYCO;HY-00050001183;TOOLS;PT LANCAR MAKMUR BERSAMA;JAKARTA, INDONESIA;EACH;;;;LIFE TIME;WARRANTY
247;1167568;;;SOCKET 1/2INCH X 12MM;HEYCO;HY-00050001283;TOOLS;PT LANCAR MAKMUR BERSAMA;JAKARTA, INDONESIA;EACH;;;;LIFE TIME;WARRANTY
248;1167576;;;SOCKET 1/2INCH X 13MM;HEYCO;HY-00050001383;TOOLS;PT LANCAR MAKMUR BERSAMA;JAKARTA, INDONESIA;EACH;;;;LIFE TIME;WARRANTY
249;1167584;;;SOCKET 1/2INCH X 14MM;HEYCO;HY-00050001483;TOOLS;PT LANCAR MAKMUR BERSAMA;JAKARTA, INDONESIA;EACH;;;;LIFE TIME;WARRANTY
250;1169077;;;SOCKET 1/2INCH;HEYCO;HY-00050033583;TOOLS;PT LANCAR MAKMUR BERSAMA;JAKARTA, INDONESIA;EACH;;;;LIFE TIME;WARRANTY
251;1169085;;;SOCKET 1/2INCH;HEYCO;HY-00050033783;TOOLS;PT LANCAR MAKMUR BERSAMA;JAKARTA, INDONESIA;EACH;;;;LIFE TIME;WARRANTY
252;1169093;;;SOCKET 1/2INCH;HEYCO;HY-00050033883;TOOLS;PT LANCAR MAKMUR BERSAMA;JAKARTA, INDONESIA;EACH;;;;LIFE TIME;WARRANTY
253;1169101;;;SOCKET 1/2INCH;HEYCO;HY-00050033983;TOOLS;PT LANCAR MAKMUR BERSAMA;JAKARTA, INDONESIA;EACH;;;;LIFE TIME;WARRANTY
254;1169119;;;SOCKET 1/2INCH;HEYCO;HY-00050034183;TOOLS;PT LANCAR MAKMUR BERSAMA;JAKARTA, INDONESIA;EACH;;;;LIFE TIME;WARRANTY
255;1169127;;;SOCKET 3/4INCH;HEYCO;HY-00100033580;TOOLS;PT LANCAR MAKMUR BERSAMA;JAKARTA, INDONESIA;EACH;;;;LIFE TIME;WARRANTY
256;1169143;;;SOCKET 3/4INCH;HEYCO;HY-00100033880;TOOLS;PT LANCAR MAKMUR BERSAMA;JAKARTA, INDONESIA;EACH;;;;LIFE TIME;WARRANTY
257;1169150;;;SOCKET 3/4INCH;HEYCO;HY-00100033980;TOOLS;PT LANCAR MAKMUR BERSAMA;JAKARTA, INDONESIA;EACH;;;;LIFE TIME;WARRANTY
258;1169168;;;SOCKET 3/4INCH;HEYCO;HY-00100034180;TOOLS;PT LANCAR MAKMUR BERSAMA;JAKARTA, INDONESIA;EACH;;;;LIFE TIME;WARRANTY
259;1169176;;;WIRE BRUSH 130X130MM;HEYCO;HY-01755000300;TOOLS;PT LANCAR MAKMUR BERSAMA;JAKARTA, INDONESIA;EACH;;;;LIFE TIME;WARRANTY
260;1167592;;;SOCKET 1/2INCH X 15MM;HEYCO;HY-00050001583;TOOLS;PT LANCAR MAKMUR BERSAMA;JAKARTA, INDONESIA;EACH;;;;LIFE TIME;WARRANTY
261;1167600;;;SOCKET 1/2INCH X 16MM;HEYCO;HY-00050001683;TOOLS;PT LANCAR MAKMUR BERSAMA;JAKARTA, INDONESIA;EACH;;;;LIFE TIME;WARRANTY
262;1167618;;;SOCKET 1/2INCH X 17MM;HEYCO;HY-00050001783;TOOLS;PT LANCAR MAKMUR BERSAMA;JAKARTA, INDONESIA;EACH;;;;LIFE TIME;WARRANTY
263;1167626;;;SOCKET 1/2INCH X 18MM;HEYCO;50001883;TOOLS;PT LANCAR MAKMUR BERSAMA;JAKARTA, INDONESIA;EACH;;;;LIFE TIME;WARRANTY
264;1167634;;;SOCKET 1/2INCH X 19MM;HEYCO;HY-00050001983;TOOLS;PT LANCAR MAKMUR BERSAMA;JAKARTA, INDONESIA;EACH;;;;LIFE TIME;WARRANTY
265;1167642;;;SOCKET 1/2INCH X 22MM;HEYCO;HY-00050002283;TOOLS;PT LANCAR MAKMUR BERSAMA;JAKARTA, INDONESIA;EACH;;;;LIFE TIME;WARRANTY
266;1167659;;;SOCKET 1/2INCH X 24MM;HEYCO;HY-00050002483;TOOLS;PT LANCAR MAKMUR BERSAMA;JAKARTA, INDONESIA;EACH;;;;LIFE TIME;WARRANTY
267;1167667;;;SOCKET 1/2INCH X 27MM;HEYCO;HY-0005000278;TOOLS;PT LANCAR MAKMUR BERSAMA;JAKARTA, INDONESIA;EACH;;;;LIFE TIME;WARRANTY
268;1167675;;;SOCKET 1/2INCH X 30MM;HEYCO;HY-00050003083;TOOLS;PT LANCAR MAKMUR BERSAMA;JAKARTA, INDONESIA;EACH;;;;LIFE TIME;WARRANTY
269;1167683;;;SOCKET 1/2INCH X 32MM;HEYCO;HY-00050003283;TOOLS;PT LANCAR MAKMUR BERSAMA;JAKARTA, INDONESIA;EACH;;;;LIFE TIME;WARRANTY
270;1169184;;;FEELER GAUGE 0.05-1.0MM;HEYCO;HY-01814000240;TOOLS;PT LANCAR MAKMUR BERSAMA;JAKARTA, INDONESIA;EACH;;;;LIFE TIME;WARRANTY
271;1169259;;;SOCKET 3/4INCH;HEYCO;HY-00100034380;TOOLS;PT LANCAR MAKMUR BERSAMA;JAKARTA, INDONESIA;EACH;;;;LIFE TIME;WARRANTY
272;1169267;;;SOCKET 3/4INCH;HEYCO;HY-00100034580;TOOLS;PT LANCAR MAKMUR BERSAMA;JAKARTA, INDONESIA;EACH;;;;LIFE TIME;WARRANTY
273;1169275;;;CONVERTER 1/2INCH-3/4INCH;HEYCO;HY-00050150083;TOOLS;PT LANCAR MAKMUR BERSAMA;JAKARTA, INDONESIA;EACH;;;;LIFE TIME;WARRANTY
274;1167691;;;SOCKET 3/4INCH X 24MM;HEYCO;HY-00100002480;TOOLS;PT LANCAR MAKMUR BERSAMA;JAKARTA, INDONESIA;EACH;;;;LIFE TIME;WARRANTY
275;1167709;;;SOCKET 3/4INCH X 27MM;HEYCO;HY-00100002780;TOOLS;PT LANCAR MAKMUR BERSAMA;JAKARTA, INDONESIA;EACH;;;;LIFE TIME;WARRANTY
276;1167717;;;SOCKET 3/4INCH X 1 INCH;HEYCO;HY-00100033780;TOOLS;PT LANCAR MAKMUR BERSAMA;JAKARTA, INDONESIA;EACH;;;;LIFE TIME;WARRANTY
277;1167725;;;SOCKET 3/4INCH X 30MM;HEYCO;HY-00100003080;TOOLS;PT LANCAR MAKMUR BERSAMA;JAKARTA, INDONESIA;EACH;;;;LIFE TIME;WARRANTY
278;1167733;;;SOCKET 3/4INCH X 32MM;HEYCO;HY-00100003280;TOOLS;PT LANCAR MAKMUR BERSAMA;JAKARTA, INDONESIA;EACH;;;;LIFE TIME;WARRANTY
279;1167741;;;"SOCKET 3/4""INCH X 36MM";HEYCO;HY-00100003680;TOOLS;PT LANCAR MAKMUR BERSAMA;JAKARTA, INDONESIA;EACH;;;;LIFE TIME;WARRANTY
280;1167758;;;SOCKET 3/4INCH X 41MM;HEYCO;HY-00100004180;TOOLS;PT LANCAR MAKMUR BERSAMA;JAKARTA, INDONESIA;EACH;;;;LIFE TIME;WARRANTY
281;1167766;;;SLIDING T-HANDLE 1/2INCH;HEYCO;HY-00050030083;TOOLS;PT LANCAR MAKMUR BERSAMA;JAKARTA, INDONESIA;EACH;;;;LIFE TIME;WARRANTY
282;1167774;;;REVERSIBLE RACHET 1/2INCH;HEYCO;HY-00050010083;TOOLS;PT LANCAR MAKMUR BERSAMA;JAKARTA, INDONESIA;EACH;;;;LIFE TIME;WARRANTY
283;1167782;;;EXTENTION BAR 1/2X125MM;HEYCO;HY-00050040083;TOOLS;PT LANCAR MAKMUR BERSAMA;JAKARTA, INDONESIA;EACH;;;;LIFE TIME;WARRANTY
284;1169309;;;"HEX. HEAD WRENCH SETS 1/16""-1/2""";HEYCO;HY-01340737030;TOOLS;PT LANCAR MAKMUR BERSAMA;JAKARTA, INDONESIA;EACH;;;;LIFE TIME;WARRANTY
285;1169317;;;ALLEN KEY 9/16INCH;HEYCO;HY-01340632530;TOOLS;PT LANCAR MAKMUR BERSAMA;JAKARTA, INDONESIA;EACH;;;;LIFE TIME;WARRANTY
286;1169325;;;SCREWDRIVER (+) 80MM;HEYCO;HY-01411001080;TOOLS;PT LANCAR MAKMUR BERSAMA;JAKARTA, INDONESIA;EACH;;;;LIFE TIME;WARRANTY
287;1169333;;;SCREWDRIVER(+) 200MM;HEYCO;HY-01411004080;TOOLS;PT LANCAR MAKMUR BERSAMA;JAKARTA, INDONESIA;EACH;;;;LIFE TIME;WARRANTY
288;1169341;;;SCREWDRIVER ( - ) 100MM;HEYCO;HY-01430010080;TOOLS;PT LANCAR MAKMUR BERSAMA;JAKARTA, INDONESIA;EACH;;;;LIFE TIME;WARRANTY
289;1169358;;;SCREWDRIVER ( - ) 250MM;HEYCO;1430025080;TOOLS;PT LANCAR MAKMUR BERSAMA;JAKARTA, INDONESIA;EACH;;;;LIFE TIME;WARRANTY
290;1169366;;;SCREWDRIVER ( - ) 300MM;HEYCO;HY-01430030080;TOOLS;PT LANCAR MAKMUR BERSAMA;JAKARTA, INDONESIA;EACH;;;;LIFE TIME;WARRANTY
291;1169374;;;HAMMER, HAND;HEYCO;MY-2102-1004-1STF(RB);TOOLS;PT LANCAR MAKMUR BERSAMA;JAKARTA, INDONESIA;EACH;;;;LIFE TIME;WARRANTY
292;1169390;;;CHISEL PUNCH SET 6PCS;HEYCO;HY-01550000021;TOOLS;PT LANCAR MAKMUR BERSAMA;JAKARTA, INDONESIA;SET ;;;;LIFE TIME;WARRANTY
293;1251198;;;COMBINATION WRENCHES 18 MM;HEYCO;HY-00400018082;TOOLS;PT LANCAR MAKMUR BERSAMA;JAKARTA, INDONESIA;EACH;;;;LIFE TIME;WARRANTY
294;1251206;;;COMBINATION WRENCHES 21 MM;HEYCO;HY-00400021082;TOOLS;PT LANCAR MAKMUR BERSAMA;JAKARTA, INDONESIA;EACH;;;;LIFE TIME;WARRANTY
295;1251214;;;SOCKET WRENCH;HEYCO;50002183;TOOLS;PT LANCAR MAKMUR BERSAMA;JAKARTA, INDONESIA;EACH;;;;LIFE TIME;WARRANTY
296;1393636;;;TOOL BOX ASSY;HEYCO;01000010020-113;TOOLS;PT LANCAR MAKMUR BERSAMA;JAKARTA, INDONESIA;ASSY;;;;LIFE TIME;WARRANTY
297;1451707;;;OPEN END 19X22;HEYCO;HY-00350192282;TOOLS;PT LANCAR MAKMUR BERSAMA;JAKARTA, INDONESIA;EACH;;;;LIFE TIME;WARRANTY
298;1451715;;;DOUBLE ENDED RING WRENCHES 19x22;HEYCO;HY-00475192282;TOOLS;PT LANCAR MAKMUR BERSAMA;JAKARTA, INDONESIA;EACH;;;;LIFE TIME;WARRANTY
299;1462191;;;STUBBY SCREWDRIVER;HEYCO;1445004080;TOOLS;PT LANCAR MAKMUR BERSAMA;JAKARTA, INDONESIA;EACH;;;;LIFE TIME;WARRANTY
300;1462209;;;SCREWDRIVER ( - ) 100MM  HEYCO;HEYCO;1437010080;TOOLS;PT LANCAR MAKMUR BERSAMA;JAKARTA, INDONESIA;EACH;;;;LIFE TIME;WARRANTY
301;1620616;;;COMBINATION WRENCHES 36 MM;HEYCO;HY-00400036082;TOOLS;PT LANCAR MAKMUR BERSAMA;JAKARTA, INDONESIA;EACH;;;;LIFE TIME;WARRANTY
302;1620632;;;COMBINATION WRENCHES 41 MM;HEYCO;HY-00400041082;TOOLS;PT LANCAR MAKMUR BERSAMA;JAKARTA, INDONESIA;EACH;;;;LIFE TIME;WARRANTY
303;1620681;;;Open End Wrench Heavy Duty 75mm;HEYCO;HY-00894075036;TOOLS;PT LANCAR MAKMUR BERSAMA;JAKARTA, INDONESIA;EACH;;;;LIFE TIME;WARRANTY
304;1620707;;;Open End Wrench Heavy Duty 60mm;HEYCO;HY-00894060036;TOOLS;PT LANCAR MAKMUR BERSAMA;JAKARTA, INDONESIA;EACH;;;;LIFE TIME;WARRANTY
305;1620715;;;Open End Wrench Heavy Duty 46mm;HEYCO;HY-00894046036;TOOLS;PT LANCAR MAKMUR BERSAMA;JAKARTA, INDONESIA;EACH;;;;LIFE TIME;WARRANTY
306;1620723;;;"Socket 1"" 24mm";HEYCO;HY-06600002436;TOOLS;PT LANCAR MAKMUR BERSAMA;JAKARTA, INDONESIA;EACH;;;;LIFE TIME;WARRANTY
307;1620731;;;"SOCKET 1"" 27MM";HEYCO;HY-06600002736;TOOLS;PT LANCAR MAKMUR BERSAMA;JAKARTA, INDONESIA;EACH;;;;LIFE TIME;WARRANTY
308;1620749;;;"Socket 1"" 30mm";HEYCO;HY-06600003036;TOOLS;PT LANCAR MAKMUR BERSAMA;JAKARTA, INDONESIA;EACH;;;;LIFE TIME;WARRANTY
309;1620756;;;"Socket 1"" 32mm";HEYCO;HY-06600003236;TOOLS;PT LANCAR MAKMUR BERSAMA;JAKARTA, INDONESIA;EACH;;;;LIFE TIME;WARRANTY
310;1620764;;;"SOCKET 1"" 36MM";HEYCO;HY-06600003636;TOOLS;PT LANCAR MAKMUR BERSAMA;JAKARTA, INDONESIA;EACH;;;;LIFE TIME;WARRANTY
311;1620772;;;"Socket 1"" 38mm";HEYCO;HY-06600003836;TOOLS;PT LANCAR MAKMUR BERSAMA;JAKARTA, INDONESIA;EACH;;;;LIFE TIME;WARRANTY
312;1620780;;;"SOCKET 1"" 41MM";HEYCO;HY-06600004136;TOOLS;PT LANCAR MAKMUR BERSAMA;JAKARTA, INDONESIA;EACH;;;;LIFE TIME;WARRANTY
313;1620798;;;"Socket 1"" 46mm";HEYCO;HY-06600004636;TOOLS;PT LANCAR MAKMUR BERSAMA;JAKARTA, INDONESIA;EACH;;;;LIFE TIME;WARRANTY
314;1620806;;;"Socket 1"" 50mm";HEYCO;HY-06600005036;TOOLS;PT LANCAR MAKMUR BERSAMA;JAKARTA, INDONESIA;EACH;;;;LIFE TIME;WARRANTY
315;1620814;;;"Socket 1"" 55mm";HEYCO;HY-06600005536;TOOLS;PT LANCAR MAKMUR BERSAMA;JAKARTA, INDONESIA;EACH;;;;LIFE TIME;WARRANTY
316;1620822;;;"Socket 3/4"" 30mm";HEYCO;HY-06500003036;TOOLS;PT LANCAR MAKMUR BERSAMA;JAKARTA, INDONESIA;EACH;;;;LIFE TIME;WARRANTY
317;1620871;;;COMBINATION WRENCHES 38 MM;HEYCO;HY-00400038082;TOOLS;PT LANCAR MAKMUR BERSAMA;JAKARTA, INDONESIA;EACH;;;;LIFE TIME;WARRANTY
318;1600469;;;DRIVER SOCKET;HEYCO;50500083;TOOLS;PT LANCAR MAKMUR BERSAMA;JAKARTA, INDONESIA;SET ;;;;LIFE TIME;WARRANTY
319;1524602;;;"SLIDING T HANDLE 1""";HEYCO;HY-00105030080;TOOLS;PT LANCAR MAKMUR BERSAMA;JAKARTA, INDONESIA;EACH;;;;LIFE TIME;WARRANTY
320;1685189;;;MAGNETIC PICK UP TOOL;HEYCO;HY-01494000283;TOOLS;PT LANCAR MAKMUR BERSAMA;JAKARTA, INDONESIA;EACH;;;;LIFE TIME;WARRANTY
321;1685221;;;SINGLE ENDED RING SPANNER;HEYCO;HY-00808002420;TOOLS;PT LANCAR MAKMUR BERSAMA;JAKARTA, INDONESIA;EACH;;;;LIFE TIME;WARRANTY
322;1697572;;;ALLEN KEY 2-12MM;HEYCO;YH-01340727030;TOOLS;PT LANCAR MAKMUR BERSAMA;JAKARTA, INDONESIA;EACH;;;;LIFE TIME;WARRANTY
323;1692896;;;SOCKET 3/4 INCH X 22 MM;HEYCO;HY-00100002280;TOOLS;PT LANCAR MAKMUR BERSAMA;JAKARTA, INDONESIA;EACH;;;;LIFE TIME;WARRANTY
324;1724145;;;ALLEN KEY SET;HEYCO;HF-HXKYO214MS;TOOLS;PT LANCAR MAKMUR BERSAMA;JAKARTA, INDONESIA;EACH;;;;LIFE TIME;WARRANTY
325;1724178;;;CRIMPING TOOL;HEYCO;LA-8272/002733;TOOLS;PT LANCAR MAKMUR BERSAMA;JAKARTA, INDONESIA;EACH;;;;LIFE TIME;WARRANTY
326;1624501;;;COMBINATION WRENCH UKURAN 36mm;HEYCO;HY-00410036083;TOOLS;PT LANCAR MAKMUR BERSAMA;JAKARTA, INDONESIA;EACH;;;;LIFE TIME;WARRANTY
327;1624519;;;DOUBLE ENDED OPEN JAW WRENCH 36 X 41mm;HEYCO;HY-00350364182;TOOLS;PT LANCAR MAKMUR BERSAMA;JAKARTA, INDONESIA;EACH;;;;LIFE TIME;WARRANTY
328;1624543;;;HEXAGON HEAD WRENCH, LONG SERIES 5mm;HEYCO;HY-01341005030;TOOLS;PT LANCAR MAKMUR BERSAMA;JAKARTA, INDONESIA;EACH;;;;LIFE TIME;WARRANTY
329;1624550;;;HEXAGON HEAD WRENCH, LONG SERIES 6mm;HEYCO;HY-01341006030;TOOLS;PT LANCAR MAKMUR BERSAMA;JAKARTA, INDONESIA;EACH;;;;LIFE TIME;WARRANTY
330;1780089;;;ALLEN KEY 19;HEYCO;HY-01341019030;TOOLS;PT LANCAR MAKMUR BERSAMA;JAKARTA, INDONESIA;EACH;;;;LIFE TIME;WARRANTY
331;1780105;;;"SOCKET ADAPTER 3/4"" 10 1/2""";HEYCO;HY-00100140080;TOOLS;PT LANCAR MAKMUR BERSAMA;JAKARTA, INDONESIA;EACH;;;;LIFE TIME;WARRANTY
332;1780113;;;TORQUE WRENCH SET 4 N 20 KG;HEYCO;HY-00795200080;TOOLS;PT LANCAR MAKMUR BERSAMA;JAKARTA, INDONESIA;EACH;;;;LIFE TIME;WARRANTY
333;1768001;;;SINGLE END RING WRENCH;HEYCO;HY-00840003080;TOOLS;PT LANCAR MAKMUR BERSAMA;JAKARTA, INDONESIA;EACH;;;;LIFE TIME;WARRANTY
334;1768019;;;TUBULAR HANDLES;HEYCO;HY-00845000060;TOOLS;PT LANCAR MAKMUR BERSAMA;JAKARTA, INDONESIA;EACH;;;;LIFE TIME;WARRANTY
335;1779461;;;"REVERSIBLE RATCHET  3/4""";HEYCO;HY-00100000680;TOOLS;PT LANCAR MAKMUR BERSAMA;JAKARTA, INDONESIA;EACH;;;;LIFE TIME;WARRANTY
336;1779479;;;PLIER CUTTING;HEYCO;HY-01212016087;TOOLS;PT LANCAR MAKMUR BERSAMA;JAKARTA, INDONESIA;EACH;;;;LIFE TIME;WARRANTY
337;1779487;;;SCREWDRIVER (-);HEYCO;HY-01430012580;TOOLS;PT LANCAR MAKMUR BERSAMA;JAKARTA, INDONESIA;EACH;;;;LIFE TIME;WARRANTY
338;1796903;;;SOCKET WRENCH INCH;HEYCO;50070683;TOOLS;PT LANCAR MAKMUR BERSAMA;JAKARTA, INDONESIA;EACH;;;;LIFE TIME;WARRANTY
339;1796911;;;ALLEN KEY (SOCKET) SIZE : 5 MM;HEYCO;HY-00050310283;TOOLS;PT LANCAR MAKMUR BERSAMA;JAKARTA, INDONESIA;EACH;;;;LIFE TIME;WARRANTY
340;1796929;;;ALLEN KEY (SOCKET) SIZE : 6 MM;HEYCO;HY-00050310383;TOOLS;PT LANCAR MAKMUR BERSAMA;JAKARTA, INDONESIA;EACH;;;;LIFE TIME;WARRANTY
341;1796945;;;ALLEN KEY SOCKET SIZE : 8 MM;HEYCO;HY-00050310483;TOOLS;PT LANCAR MAKMUR BERSAMA;JAKARTA, INDONESIA;EACH;;;;LIFE TIME;WARRANTY
342;1796994;;;ALLEN KEY SIZE : 5 MM;HEYCO;HY-01340005030;TOOLS;PT LANCAR MAKMUR BERSAMA;JAKARTA, INDONESIA;EACH;;;;LIFE TIME;WARRANTY
343;1797000;;;ALLEN KEY SIZE : 22 MM;HEYCO;HY-01340022030;TOOLS;PT LANCAR MAKMUR BERSAMA;JAKARTA, INDONESIA;EACH;;;;LIFE TIME;WARRANTY
344;1828854;;;"SOCKET 3/4""  24MM";HEYCO;HY-06500002436;TOOLS;PT LANCAR MAKMUR BERSAMA;JAKARTA, INDONESIA;EACH;;;;LIFE TIME;WARRANTY
345;1828888;;;"SOCKET 3/4"" 27MM";HEYCO;HY-06500002736;TOOLS;PT LANCAR MAKMUR BERSAMA;JAKARTA, INDONESIA;EACH;;;;LIFE TIME;WARRANTY
346;1828896;;;"SOCKET 3/4"" 32MM";HEYCO;HY-06500003236;TOOLS;PT LANCAR MAKMUR BERSAMA;JAKARTA, INDONESIA;EACH;;;;LIFE TIME;WARRANTY
347;1828904;;;EXTENSION BAR FOR IMPACT SOCKET;HEYCO;HY-06501001336;TOOLS;PT LANCAR MAKMUR BERSAMA;JAKARTA, INDONESIA;EACH;;;;LIFE TIME;WARRANTY
348;1828912;;;ADAPTER FOR IMPACT SOCKET;HEYCO;HY-06601002036;TOOLS;PT LANCAR MAKMUR BERSAMA;JAKARTA, INDONESIA;EACH;;;;LIFE TIME;WARRANTY
349;1829340;;;"SOCKET 3/4"" 19MM";HEYCO;HY-06500191936;TOOLS;PT LANCAR MAKMUR BERSAMA;JAKARTA, INDONESIA;EACH;;;;LIFE TIME;WARRANTY
350;1750678;;;IMPACT DRIVE SET;HEYCO;HY-03310000000;TOOLS;PT LANCAR MAKMUR BERSAMA;JAKARTA, INDONESIA;EACH;;;;LIFE TIME;WARRANTY
351;1750694;;;"ADJUSTABLE WRENCH 8"" SIZE 205";HEYCO;HY-00390000882;TOOLS;PT LANCAR MAKMUR BERSAMA;JAKARTA, INDONESIA;EACH;;;;LIFE TIME;WARRANTY
352;1750728;;;BALL HEAD HEXAGONAL WRENCH SETS;HEYCO;HY-01343825030;TOOLS;PT LANCAR MAKMUR BERSAMA;JAKARTA, INDONESIA;SET ;;;;LIFE TIME;WARRANTY
353;1888411;;;SLOGGING RING WRENCH 41 MM;HEYCO;HY-00820004120;TOOLS;PT LANCAR MAKMUR BERSAMA;JAKARTA, INDONESIA;EACH;;;;LIFE TIME;WARRANTY
354;1888429;;;SLOGGING RING WRENCH 46 MM;HEYCO;HY-00820004620;TOOLS;PT LANCAR MAKMUR BERSAMA;JAKARTA, INDONESIA;EACH;;;;LIFE TIME;WARRANTY
355;1915727;;;SINGLE OPEN END SPANNER;HEYCO;HY-00894036036;TOOLS;PT LANCAR MAKMUR BERSAMA;JAKARTA, INDONESIA;EACH;;;;LIFE TIME;WARRANTY
356;1915792;;;EXTENTION BAR;HEYCO;HY-00105040080;TOOLS;PT LANCAR MAKMUR BERSAMA;JAKARTA, INDONESIA;EACH;;;;LIFE TIME;WARRANTY
357;1900547;;;TOOL WRENCH;HEYCO;HY-01348725530;TOOLS;PT LANCAR MAKMUR BERSAMA;JAKARTA, INDONESIA;EACH;;;;LIFE TIME;WARRANTY
358;1890920;;;IMPACT SOCKET;HEYCO;HY-06600193336;TOOLS;PT LANCAR MAKMUR BERSAMA;JAKARTA, INDONESIA;EACH;;;;LIFE TIME;WARRANTY
359;1892934;;;SOCKET WRENCH;HEYCO;HY-00050601383;TOOLS;PT LANCAR MAKMUR BERSAMA;JAKARTA, INDONESIA;EACH;;;;LIFE TIME;WARRANTY
360;1892942;;;SOCKET WRENCH;HEYCO;HY-00050601983;TOOLS;PT LANCAR MAKMUR BERSAMA;JAKARTA, INDONESIA;EACH;;;;LIFE TIME;WARRANTY
361;1911593;;;L-KEY SHORT;HEYCO;HY-01340006030;TOOLS;PT LANCAR MAKMUR BERSAMA;JAKARTA, INDONESIA;EACH;;;;LIFE TIME;WARRANTY
362;1893338;;;SLOGGING RING WRENCH;HEYCO;HY-00820003620;TOOLS;PT LANCAR MAKMUR BERSAMA;JAKARTA, INDONESIA;EACH;;;;LIFE TIME;WARRANTY
363;1901651;;;SLOGGING 32;HEYCO;HY-00820003220;TOOLS;PT LANCAR MAKMUR BERSAMA;JAKARTA, INDONESIA;EACH;;;;LIFE TIME;WARRANTY
364;1911882;;;CIRCLIP PLIER;HEYCO;HY-01256029013;TOOLS;PT LANCAR MAKMUR BERSAMA;JAKARTA, INDONESIA;EACH;;;;LIFE TIME;WARRANTY
365;1931229;;;SOCKET WRENCH;HEYCO;100603080;TOOLS;PT LANCAR MAKMUR BERSAMA;JAKARTA, INDONESIA;EACH;;;;LIFE TIME;WARRANTY
366;1931237;;;SOCKET WRENCH;HEYCO;HY-00100603280;TOOLS;PT LANCAR MAKMUR BERSAMA;JAKARTA, INDONESIA;EACH;;;;LIFE TIME;WARRANTY
367;1931245;;;RACHET HANDLE;HEYCO;HY-00105000680;TOOLS;PT LANCAR MAKMUR BERSAMA;JAKARTA, INDONESIA;EACH;;;;LIFE TIME;WARRANTY
368;1931336;;;LONG IMPACT SOCKET;HEYCO;HY-00100605580;TOOLS;PT LANCAR MAKMUR BERSAMA;JAKARTA, INDONESIA;EACH;;;;LIFE TIME;WARRANTY
369;1929215;;;TORX SOCKET SCREW;HEYCO;HY-00050364083;TOOLS;PT LANCAR MAKMUR BERSAMA;JAKARTA, INDONESIA;EACH;;;;LIFE TIME;WARRANTY
370;1929223;;;TORX SOCKET SCREW;HEYCO;HY-00050364583;TOOLS;PT LANCAR MAKMUR BERSAMA;JAKARTA, INDONESIA;EACH;;;;LIFE TIME;WARRANTY
371;1929231;;;TORX SOCKET SCREW;HEYCO;HY-00050365583;TOOLS;PT LANCAR MAKMUR BERSAMA;JAKARTA, INDONESIA;EACH;;;;LIFE TIME;WARRANTY
372;1929249;;;HEXAGONAL HEAD WRENCH;HEYCO;HY-01340004030;TOOLS;PT LANCAR MAKMUR BERSAMA;JAKARTA, INDONESIA;EACH;;;;LIFE TIME;WARRANTY
373;1856400;;;SNIPE NOSE PLIER CPI;HEYCO;1208020087;TOOLS;PT LANCAR MAKMUR BERSAMA;JAKARTA, INDONESIA;EACH;;;;LIFE TIME;WARRANTY
374;1846534;;;"SOCKET  3/4""";HEYCO;6500191936;TOOLS;PT LANCAR MAKMUR BERSAMA;JAKARTA, INDONESIA;EACH;;;;LIFE TIME;WARRANTY
375;1846542;;;"SOCKET  3/4""";HEYCO;6500002736;TOOLS;PT LANCAR MAKMUR BERSAMA;JAKARTA, INDONESIA;EACH;;;;LIFE TIME;WARRANTY
376;1846559;;;"SOCKET  1""";HEYCO;6600193636;TOOLS;PT LANCAR MAKMUR BERSAMA;JAKARTA, INDONESIA;EACH;;;;LIFE TIME;WARRANTY
377;1846567;;;SOCKET  1;HEYCO;HY-06600193836;TOOLS;PT LANCAR MAKMUR BERSAMA;JAKARTA, INDONESIA;EACH;;;;LIFE TIME;WARRANTY
378;1846575;;;"SOCKET  1""";HEYCO;6600193036;TOOLS;PT LANCAR MAKMUR BERSAMA;JAKARTA, INDONESIA;EACH;;;;LIFE TIME;WARRANTY
379;1846583;;;"SOCKET  1""";HEYCO;HY-06600192736;TOOLS;PT LANCAR MAKMUR BERSAMA;JAKARTA, INDONESIA;EACH;;;;LIFE TIME;WARRANTY
380;1846591;;;IMPACT SOCKET;HEYCO;6600193236;TOOLS;PT LANCAR MAKMUR BERSAMA;JAKARTA, INDONESIA;EACH;;;;LIFE TIME;WARRANTY
381;1993062;;;SOCKET WRENCH;HEYCO;HY-00105004180;TOOLS;PT LANCAR MAKMUR BERSAMA;JAKARTA, INDONESIA;EACH;;;;LIFE TIME;WARRANTY
382;1977040;;;SINGLE ENDED OPEN JAW WRENCH;HEYCO;HY-00894055036;TOOLS;PT LANCAR MAKMUR BERSAMA;JAKARTA, INDONESIA;EACH;;;;LIFE TIME;WARRANTY
383;1977057;;;SOCKET WRENCH;HEYCO;HY-00105005580;TOOLS;PT LANCAR MAKMUR BERSAMA;JAKARTA, INDONESIA;EACH;;;;LIFE TIME;WARRANTY
384;1982081;;;WORKSHOP TROLLEYS 600x440x950 mm;HEYCO;1129010020;TOOLS;PT LANCAR MAKMUR BERSAMA;JAKARTA, INDONESIA;EACH;;;;LIFE TIME;WARRANTY
385;1982099;;;ELECTRONIC SCREWDRIVER S 60mm (-) C;HEYCO;1435006080;TOOLS;PT LANCAR MAKMUR BERSAMA;JAKARTA, INDONESIA;EACH;;;;LIFE TIME;WARRANTY
386;1988518;;;SOCKET SETS;HEYCO;27900083;TOOLS;PT LANCAR MAKMUR BERSAMA;JAKARTA, INDONESIA;EACH;;;;LIFE TIME;WARRANTY
387;1988526;;;SOCKET SETS;HEYCO;HY-00031191083;TOOLS;PT LANCAR MAKMUR BERSAMA;JAKARTA, INDONESIA;ASSY;;;;LIFE TIME;WARRANTY
388;1990209;;;IMPACT SOCKET SEGI 6;HEYCO;HY-03800001536;TOOLS;PT LANCAR MAKMUR BERSAMA;JAKARTA, INDONESIA;EACH;;;;LIFE TIME;WARRANTY
389;1990225;;;ADJUSTABLE WRENCH;HEYCO;HY-00390001282;TOOLS;PT LANCAR MAKMUR BERSAMA;JAKARTA, INDONESIA;EACH;;;;LIFE TIME;WARRANTY
390;1990324;;;SCREWDRIVER;HEYCO;HY-00050310883;TOOLS;PT LANCAR MAKMUR BERSAMA;JAKARTA, INDONESIA;EACH;;;;LIFE TIME;WARRANTY
391;1975721;;;HEX HEAD WRENCH FOR SOCKET SCREW 17MM;HEYCO;HY-01340017030;TOOLS;PT LANCAR MAKMUR BERSAMA;JAKARTA, INDONESIA;EACH;;;;LIFE TIME;WARRANTY
392;1997030;;;OIL CAN 300 CC;HEYCO;1783030020;TOOLS;PT LANCAR MAKMUR BERSAMA;JAKARTA, INDONESIA;EACH;;;;LIFE TIME;WARRANTY
393;1972207;;;SOCKET;HEYCO;HY-00050602183;TOOLS;PT LANCAR MAKMUR BERSAMA;JAKARTA, INDONESIA;EACH;;;;LIFE TIME;WARRANTY
394;1984293;;;"SOCKET WRENCH 3/8 X 6""";HEYCO;40600683;TOOLS;PT LANCAR MAKMUR BERSAMA;JAKARTA, INDONESIA;EACH;;;;LIFE TIME;WARRANTY
395;1984319;;;"SOCKET WRENCH 3/8 X 7""";HEYCO;40600783;TOOLS;PT LANCAR MAKMUR BERSAMA;JAKARTA, INDONESIA;EACH;;;;LIFE TIME;WARRANTY
396;1972397;;;SOCKET WRENCH;HEYCO;HY-00100602480;TOOLS;PT LANCAR MAKMUR BERSAMA;JAKARTA, INDONESIA;EACH;;;;LIFE TIME;WARRANTY
397;1984335;;;"SOCKET WRENCH 3/8 X 8""";HEYCO;40600883;TOOLS;PT LANCAR MAKMUR BERSAMA;JAKARTA, INDONESIA;EACH;;;;LIFE TIME;WARRANTY
398;1984343;;;"SOCKET WRENCH 3/8 X 9""";HEYCO;40600983;TOOLS;PT LANCAR MAKMUR BERSAMA;JAKARTA, INDONESIA;EACH;;;;LIFE TIME;WARRANTY
399;1984368;;;SOCKET;HEYCO;HY-00040601083;TOOLS;PT LANCAR MAKMUR BERSAMA;JAKARTA, INDONESIA;EACH;;;;LIFE TIME;WARRANTY
400;1984384;;;"SOCKET WRENCH 3/8 X 11""";HEYCO;40601183;TOOLS;PT LANCAR MAKMUR BERSAMA;JAKARTA, INDONESIA;EACH;;;;LIFE TIME;WARRANTY
401;1984392;;;SOCKET;HEYCO;HY-00040601283;TOOLS;PT LANCAR MAKMUR BERSAMA;JAKARTA, INDONESIA;EACH;;;;LIFE TIME;WARRANTY
402;1984418;;;"SOCKET WRENCH 3/8"" X 13""";HEYCO;40601383;TOOLS;PT LANCAR MAKMUR BERSAMA;JAKARTA, INDONESIA;EACH;;;;LIFE TIME;WARRANTY
403;1997253;;;SOCKET WRENC 1/2 INC HEXAGONAL 17 MM;HEYCO;50191782;TOOLS;PT LANCAR MAKMUR BERSAMA;JAKARTA, INDONESIA;EACH;;;;LIFE TIME;WARRANTY
404;1984426;;;SOCKET;HEYCO;HY-00040601483;TOOLS;PT LANCAR MAKMUR BERSAMA;JAKARTA, INDONESIA;EACH;;;;LIFE TIME;WARRANTY
405;1984434;;;"SOCKET WRENCH 3/8"" X 15""";HEYCO;HY-00040601583;TOOLS;PT LANCAR MAKMUR BERSAMA;JAKARTA, INDONESIA;EACH;;;;LIFE TIME;WARRANTY
406;1984442;;;"SOCKET WRENCH 3/8"" X 16""";HEYCO;40601683;TOOLS;PT LANCAR MAKMUR BERSAMA;JAKARTA, INDONESIA;EACH;;;;LIFE TIME;WARRANTY
407;1984467;;;SOCKET;HEYCO;HY-00040601783;TOOLS;PT LANCAR MAKMUR BERSAMA;JAKARTA, INDONESIA;EACH;;;;LIFE TIME;WARRANTY
408;1984475;;;SOCKET;HEYCO;40601883;TOOLS;PT LANCAR MAKMUR BERSAMA;JAKARTA, INDONESIA;EACH;;;;LIFE TIME;WARRANTY
409;1984491;;;SOCKET;HEYCO;HY-00040601983;TOOLS;PT LANCAR MAKMUR BERSAMA;JAKARTA, INDONESIA;EACH;;;;LIFE TIME;WARRANTY
410;1984509;;;"SOCKET WRENCH 3/8"" X 20""";HEYCO;40602083;TOOLS;PT LANCAR MAKMUR BERSAMA;JAKARTA, INDONESIA;EACH;;;;LIFE TIME;WARRANTY
411;1984517;;;"SOCKET WRENCH 3/8"" X 21""";HEYCO;40602183;TOOLS;PT LANCAR MAKMUR BERSAMA;JAKARTA, INDONESIA;EACH;;;;LIFE TIME;WARRANTY
412;1987627;;;L KEY;HEYCO;HY-01341004030;TOOLS;PT LANCAR MAKMUR BERSAMA;JAKARTA, INDONESIA;EACH;;;;LIFE TIME;WARRANTY
413;1997287;;;SOCKET WRENCH 1/2 INC HEXAGONAL 6 MM;HEYCO;50600683;TOOLS;PT LANCAR MAKMUR BERSAMA;JAKARTA, INDONESIA;EACH;;;;LIFE TIME;WARRANTY
414;1997378;;;EXTENSION SOCKET 1 INCH;HEYCO;HY-06601001436;TOOLS;PT LANCAR MAKMUR BERSAMA;JAKARTA, INDONESIA;EACH;;;;LIFE TIME;WARRANTY
415;1984525;;;SOCKET;HEYCO;40602283;TOOLS;PT LANCAR MAKMUR BERSAMA;JAKARTA, INDONESIA;EACH;;;;LIFE TIME;WARRANTY
416;1984541;;;"CONVERTER 3/4"" - 1/2""";HEYCO;HY-06501002036;TOOLS;PT LANCAR MAKMUR BERSAMA;JAKARTA, INDONESIA;EACH;;;;LIFE TIME;WARRANTY
417;1984558;;;"EXTENSION BAR 1"" X 330MM";HEYCO;HY-06601001536;TOOLS;PT LANCAR MAKMUR BERSAMA;JAKARTA, INDONESIA;EACH;;;;LIFE TIME;WARRANTY
418;1984566;;;SCREW SOCKET SET 1/2 (5-17);HEYCO;HY-00050550283;TOOLS;PT LANCAR MAKMUR BERSAMA;JAKARTA, INDONESIA;EACH;;;;LIFE TIME;WARRANTY
419;1997394;;;TUBULAR HANDLE UKURAN 32MM;HEYCO;HY-00845000160;TOOLS;PT LANCAR MAKMUR BERSAMA;JAKARTA, INDONESIA;EACH;;;;LIFE TIME;WARRANTY
420;1997402;;;SOCKET 3/4 INCHX 36 MM;HEYCO;HY-00100603680;TOOLS;PT LANCAR MAKMUR BERSAMA;JAKARTA, INDONESIA;EACH;;;;LIFE TIME;WARRANTY
421;1997410;;;SOCKET 3/4 INCHX 41 MM;HEYCO;100604180;TOOLS;PT LANCAR MAKMUR BERSAMA;JAKARTA, INDONESIA;EACH;;;;LIFE TIME;WARRANTY
422;1997428;;;SOCKET SET 1/2 INCH;HEYCO;HY-00050780083;TOOLS;PT LANCAR MAKMUR BERSAMA;JAKARTA, INDONESIA;EACH;;;;LIFE TIME;WARRANTY
423;1972702;;;SLOGGING RING WRENCH;HEYCO;HY-00820003020;TOOLS;PT LANCAR MAKMUR BERSAMA;JAKARTA, INDONESIA;EACH;;;;LIFE TIME;WARRANTY
424;1972710;;;SLOGGING RING WRENCH;HEYCO;HY-00820005020;TOOLS;PT LANCAR MAKMUR BERSAMA;JAKARTA, INDONESIA;EACH;;;;LIFE TIME;WARRANTY
425;1974708;;;SCREWDRIVER;HEYCO;HY-00050580083;TOOLS;PT LANCAR MAKMUR BERSAMA;JAKARTA, INDONESIA;EACH;;;;LIFE TIME;WARRANTY
426;1989490;;;SLOGGING WRENCH;HEYCO;HY-08200005520;TOOLS;PT LANCAR MAKMUR BERSAMA;JAKARTA, INDONESIA;EACH;;;;LIFE TIME;WARRANTY
427;1988104;;;"CONVERTER 1"" TO 3/4""";HEYCO;HY-00105140080;TOOLS;PT LANCAR MAKMUR BERSAMA;JAKARTA, INDONESIA;EACH;;;;LIFE TIME;WARRANTY
428;1988112;;;"SOCKET 1""x36 mm";HEYCO;HY-00105003680;TOOLS;PT LANCAR MAKMUR BERSAMA;JAKARTA, INDONESIA;EACH;;;;LIFE TIME;WARRANTY
429;1988120;;;TORQUE WRENCHES VARITORQUE;HEYCO;HY-00796000080;TOOLS;PT LANCAR MAKMUR BERSAMA;JAKARTA, INDONESIA;EACH;;;;LIFE TIME;WARRANTY
430;1988138;;;SLOGGING OPEN JAW WRENCHES;HEYCO;810002420;TOOLS;PT LANCAR MAKMUR BERSAMA;JAKARTA, INDONESIA;EACH;;;;LIFE TIME;WARRANTY
431;1988146;;;SLOGGING OPEN JAW WRENCHES;HEYCO;810002720;TOOLS;PT LANCAR MAKMUR BERSAMA;JAKARTA, INDONESIA;EACH;;;;LIFE TIME;WARRANTY
432;1988153;;;SLOGGING OPEN JAW WRENCHES;HEYCO;HY-00810003020;TOOLS;PT LANCAR MAKMUR BERSAMA;JAKARTA, INDONESIA;EACH;;;;LIFE TIME;WARRANTY
433;1988161;;;SLOGGING OPEN JAW WRENCHES;HEYCO;810003220;TOOLS;PT LANCAR MAKMUR BERSAMA;JAKARTA, INDONESIA;EACH;;;;LIFE TIME;WARRANTY
434;1988179;;;SLOGGING OPEN JAW WRENCHES;HEYCO;HY-00810003620;TOOLS;PT LANCAR MAKMUR BERSAMA;JAKARTA, INDONESIA;EACH;;;;LIFE TIME;WARRANTY
435;1988187;;;SLOGGING OPEN JAW WRENCHES;HEYCO;810003820;TOOLS;PT LANCAR MAKMUR BERSAMA;JAKARTA, INDONESIA;EACH;;;;LIFE TIME;WARRANTY
436;1988195;;;SLOGGING OPEN JAW WRENCHES;HEYCO;HY-00810004120;TOOLS;PT LANCAR MAKMUR BERSAMA;JAKARTA, INDONESIA;EACH;;;;LIFE TIME;WARRANTY
437;1988203;;;SLOGGING OPEN JAW WRENCHES;HEYCO;HY-00810004620;TOOLS;PT LANCAR MAKMUR BERSAMA;JAKARTA, INDONESIA;EACH;;;;LIFE TIME;WARRANTY
438;1988211;;;DOUBLE ENDED OPEN JAW WRENCHES 30X34 MM;HEYCO;HY-00350303482;TOOLS;PT LANCAR MAKMUR BERSAMA;JAKARTA, INDONESIA;EACH;;;;LIFE TIME;WARRANTY
439;2022820;;;CONVERTER FOR IMPACT SOCKET 1INCH;HEYCO;HY-06501002236;TOOLS;PT LANCAR MAKMUR BERSAMA;JAKARTA, INDONESIA;EACH;;;;LIFE TIME;WARRANTY
440;2002897;;;SOCKET 1/2 INCH;HEYCO;50600983;TOOLS;PT LANCAR MAKMUR BERSAMA;JAKARTA, INDONESIA;EACH;;;;LIFE TIME;WARRANTY
441;2002905;;;SOCKET 1/2 INCH;HEYCO;50602083;TOOLS;PT LANCAR MAKMUR BERSAMA;JAKARTA, INDONESIA;EACH;;;;LIFE TIME;WARRANTY
442;2002913;;;SOCKET 1/2 INCH;HEYCO;HY-00050602283;TOOLS;PT LANCAR MAKMUR BERSAMA;JAKARTA, INDONESIA;EACH;;;;LIFE TIME;WARRANTY
443;2003044;;;PISTON RING COMPRESSORS;HEYCO;HY-01702000200;TOOLS;PT LANCAR MAKMUR BERSAMA;JAKARTA, INDONESIA;EACH;;;;LIFE TIME;WARRANTY
444;2006625;;;DEEP IMPACT SOCKET;HEYCO;HY-03800192136;TOOLS;PT LANCAR MAKMUR BERSAMA;JAKARTA, INDONESIA;EACH;;;;LIFE TIME;WARRANTY
445;2006633;;;DEEP IMPACT SOCKET;HEYCO;HY-03800192436;TOOLS;PT LANCAR MAKMUR BERSAMA;JAKARTA, INDONESIA;EACH;;;;LIFE TIME;WARRANTY
446;2006906;;;SINGLE ENDED RING WRENCHES;HEYCO;HY-00808003620;TOOLS;PT LANCAR MAKMUR BERSAMA;JAKARTA, INDONESIA;EACH;;;;LIFE TIME;WARRANTY
447;2008589;;;"EXTENTION BAR 1""";HEYCO;HY-00105050080;TOOLS;PT LANCAR MAKMUR BERSAMA;JAKARTA, INDONESIA;EACH;;;;LIFE TIME;WARRANTY
448;2017291;;;HEX.SOCKET;HEYCO;HY-00050310583;TOOLS;PT LANCAR MAKMUR BERSAMA;JAKARTA, INDONESIA;EACH;;;;LIFE TIME;WARRANTY
449;2017309;;;HEX.SOCKET;HEYCO;HY-00050310683;TOOLS;PT LANCAR MAKMUR BERSAMA;JAKARTA, INDONESIA;EACH;;;;LIFE TIME;WARRANTY
450;2019057;;;SOCKET WRENCH;HEYCO;HY-00100002980;TOOLS;PT LANCAR MAKMUR BERSAMA;JAKARTA, INDONESIA;EACH;;;;LIFE TIME;WARRANTY
451;2020758;;;SINGLE ENDED RING WRENCH;HEYCO;HY-00840002480;TOOLS;PT LANCAR MAKMUR BERSAMA;JAKARTA, INDONESIA;EACH;;;;LIFE TIME;WARRANTY
452;2020774;;;COMBINED SETS OF SOCKETS;HEYCO;HY-00030301083;TOOLS;PT LANCAR MAKMUR BERSAMA;JAKARTA, INDONESIA;SET ;;;;LIFE TIME;WARRANTY
453;2002871;;;SOCKET 1/2 INCH;HEYCO;50600783;TOOLS;PT LANCAR MAKMUR BERSAMA;JAKARTA, INDONESIA;EACH;;;;LIFE TIME;WARRANTY
454;2002889;;;SOCKET 1/2 INCH;HEYCO;50600883;TOOLS;PT LANCAR MAKMUR BERSAMA;JAKARTA, INDONESIA;EACH;;;;LIFE TIME;WARRANTY
455;2051167;;;"SOCKET WRENCH 3/4"" x 38 mm";HEYCO;HY-00100003880;TOOLS;PT LANCAR MAKMUR BERSAMA;JAKARTA, INDONESIA;EACH;;;;LIFE TIME;WARRANTY
456;2048197;;;"SOCKET WRENCH 6 PT 3/4"" x 22 mm";HEYCO;HY-00100602280;TOOLS;PT LANCAR MAKMUR BERSAMA;JAKARTA, INDONESIA;EACH;;;;LIFE TIME;WARRANTY
457;2036812;;;COMBINED TOOL;HEYCO;HY-00049000500;TOOLS;PT LANCAR MAKMUR BERSAMA;JAKARTA, INDONESIA;EACH;;;;LIFE TIME;WARRANTY
458;2050631;;;CONVERTER;HEYCO;HY-00100150080;TOOLS;PT LANCAR MAKMUR BERSAMA;JAKARTA, INDONESIA;EACH;;;;LIFE TIME;WARRANTY
459;2027100;;;ALLEN KEY 17MM;HEYCO;HY-01341017030;TOOLS;PT LANCAR MAKMUR BERSAMA;JAKARTA, INDONESIA;EACH;;;;LIFE TIME;WARRANTY
460;2027118;;;ALLEN KEY SOCKET;HEYCO;HY-00050310783;TOOLS;PT LANCAR MAKMUR BERSAMA;JAKARTA, INDONESIA;EACH;;;;LIFE TIME;WARRANTY
461;2050797;;;SOCKET SET;HEYCO;HY-00027351083;TOOLS;PT LANCAR MAKMUR BERSAMA;JAKARTA, INDONESIA;SET ;;;;LIFE TIME;WARRANTY
462;2037547;;;DRAIN PLUG WRANCHES;HEYCO;HY-00495000080;TOOLS;PT LANCAR MAKMUR BERSAMA;JAKARTA, INDONESIA;EACH;;;;LIFE TIME;WARRANTY
463;2027662;;;"HEX. SOCKET SCREWDRIVER 1/2""x3/8""-L2:12";HEYCO;50313883;TOOLS;PT LANCAR MAKMUR BERSAMA;JAKARTA, INDONESIA;EACH;;;;LIFE TIME;WARRANTY
464;2027670;;;HEX. HEAD WRENCH SETS 1.5 - 10 mm;HEYCO;HY-01340825030;TOOLS;PT LANCAR MAKMUR BERSAMA;JAKARTA, INDONESIA;EACH;;;;LIFE TIME;WARRANTY
465;1948157;;;SOCKET 1/2 INCH;HEYCO;HY-00050601083;TOOLS;PT LANCAR MAKMUR BERSAMA;JAKARTA, INDONESIA;EACH;;;;LIFE TIME;WARRANTY
466;1948165;;;SOCKET 1/2 INCH;HEYCO;HY-00050601183;TOOLS;PT LANCAR MAKMUR BERSAMA;JAKARTA, INDONESIA;EACH;;;;LIFE TIME;WARRANTY
467;1948173;;;SOCKET WRENCH;HEYCO;HY-00050601283;TOOLS;PT LANCAR MAKMUR BERSAMA;JAKARTA, INDONESIA;EACH;;;;LIFE TIME;WARRANTY
468;1948181;;;SOCKET WRENCH;HEYCO;HY-00050601483;TOOLS;PT LANCAR MAKMUR BERSAMA;JAKARTA, INDONESIA;EACH;;;;LIFE TIME;WARRANTY
469;1948199;;;SOCKET 1/2 INCH;HEYCO;HY-00050601583;TOOLS;PT LANCAR MAKMUR BERSAMA;JAKARTA, INDONESIA;EACH;;;;LIFE TIME;WARRANTY
470;1948207;;;SOCKET 1/2 INCH;HEYCO;HY-00050601683;TOOLS;PT LANCAR MAKMUR BERSAMA;JAKARTA, INDONESIA;EACH;;;;LIFE TIME;WARRANTY
471;1948215;;;SOCKET WRENCH;HEYCO;HY-00050601783;TOOLS;PT LANCAR MAKMUR BERSAMA;JAKARTA, INDONESIA;EACH;;;;LIFE TIME;WARRANTY
472;1948223;;;SOCKET 1/2 INCH;HEYCO;HY-00050601883;TOOLS;PT LANCAR MAKMUR BERSAMA;JAKARTA, INDONESIA;EACH;;;;LIFE TIME;WARRANTY
473;1969195;;;Impact Socket Long;HEYCO;HY-06600194636;TOOLS;PT LANCAR MAKMUR BERSAMA;JAKARTA, INDONESIA;EACH;;;;LIFE TIME;WARRANTY
474;1969229;;;Impact Socket Long;HEYCO;HY-06600194136;TOOLS;PT LANCAR MAKMUR BERSAMA;JAKARTA, INDONESIA;EACH;;;;LIFE TIME;WARRANTY
475;1949346;;;SOCKET DRIVE;HEYCO;HY-00050365083;TOOLS;PT LANCAR MAKMUR BERSAMA;JAKARTA, INDONESIA;EACH;;;;LIFE TIME;WARRANTY
476;1958016;;;SINGE ENDED WRENCH 32 MM;HEYCO;HY-00840003280;TOOLS;PT LANCAR MAKMUR BERSAMA;JAKARTA, INDONESIA;EACH;;;;LIFE TIME;WARRANTY
477;2099414;;;SUCTION LIFTER;HEYCO;2145000000;TOOLS;PT LANCAR MAKMUR BERSAMA;JAKARTA, INDONESIA;EACH;;;;LIFE TIME;WARRANTY
478;2093334;;;SCREWDRIVER-SETS;HEYCO;HY-01450000033;TOOLS;PT LANCAR MAKMUR BERSAMA;JAKARTA, INDONESIA;EACH;;;;LIFE TIME;WARRANTY
479;2093342;;;ENGINEERS SCREWDRIVERS;HEYCO;4537010080;TOOLS;PT LANCAR MAKMUR BERSAMA;JAKARTA, INDONESIA;EACH;;;;LIFE TIME;WARRANTY
480;2099448;;;PISTON RING SPREADER;HEYCO;1706015055;TOOLS;PT LANCAR MAKMUR BERSAMA;JAKARTA, INDONESIA;EACH;;;;LIFE TIME;WARRANTY
481;2139046;;;SLOGING RING WRENCHES;HEYCO;820008020;TOOLS;PT LANCAR MAKMUR BERSAMA;JAKARTA, INDONESIA;EACH;;;;LIFE TIME;WARRANTY
482;2139053;;;SOCKET 3/8;HEYCO;25631983;TOOLS;PT LANCAR MAKMUR BERSAMA;JAKARTA, INDONESIA;EACH;;;;LIFE TIME;WARRANTY
483;2145936;;;SCREW EXTRACTOR SET;HEYCO;HY-01491000600;TOOLS;PT LANCAR MAKMUR BERSAMA;JAKARTA, INDONESIA;EACH;;;;LIFE TIME;WARRANTY
484;2159341;;;"CONVERTER 1/2"" x 3/8""";HEYCO;50141083;TOOLS;PT LANCAR MAKMUR BERSAMA;JAKARTA, INDONESIA;EACH;;;;LIFE TIME;WARRANTY
485;2133031;;;"SOCKETS EXTRA DEEP 3/8"" x 12 mm 6PT";HEYCO;HY-03700191236;TOOLS;PT LANCAR MAKMUR BERSAMA;JAKARTA, INDONESIA;EACH;;;;LIFE TIME;WARRANTY
486;2133056;;;"HEX. SOCKET SCREWDRIVER 1/2""x4 mm-L2:12";HEYCO;HY-00050310183;TOOLS;PT LANCAR MAKMUR BERSAMA;JAKARTA, INDONESIA;EACH;;;;LIFE TIME;WARRANTY
487;2133064;;;"SCREWDRIVER SOCKET 1/2""xT.25 mm-L2:15";HEYCO;HY-00050362583;TOOLS;PT LANCAR MAKMUR BERSAMA;JAKARTA, INDONESIA;EACH;;;;LIFE TIME;WARRANTY
488;2133072;;;"SCREWDRIVER SOCKET 1/2""xT.30 mm-L2:15";HEYCO;HY-00050363083;TOOLS;PT LANCAR MAKMUR BERSAMA;JAKARTA, INDONESIA;EACH;;;;LIFE TIME;WARRANTY
489;2154664;;;SINGLE ENDED OPEN JAW WRENCH;HEYCO;HY-00894050036;TOOLS;PT LANCAR MAKMUR BERSAMA;JAKARTA, INDONESIA;EACH;;;;LIFE TIME;WARRANTY
490;2144921;;;OPEN ENDED JAW WRENCH;HEYCO;792311780;TOOLS;PT LANCAR MAKMUR BERSAMA;JAKARTA, INDONESIA;EACH;;;;LIFE TIME;WARRANTY
491;2144939;;;OPEN ENDED JAW WRENCH;HEYCO;792311980;TOOLS;PT LANCAR MAKMUR BERSAMA;JAKARTA, INDONESIA;EACH;;;;LIFE TIME;WARRANTY
492;2144947;;;OPEN ENDED JAW WRENCH;HEYCO;HY-00794311780;TOOLS;PT LANCAR MAKMUR BERSAMA;JAKARTA, INDONESIA;EACH;;;;LIFE TIME;WARRANTY
493;2144954;;;OPEN ENDED JAW WRENCH;HEYCO;HY-00794311980;TOOLS;PT LANCAR MAKMUR BERSAMA;JAKARTA, INDONESIA;EACH;;;;LIFE TIME;WARRANTY
494;2144962;;;RING WRENCH INSERT TOOLS;HEYCO;792411780;TOOLS;PT LANCAR MAKMUR BERSAMA;JAKARTA, INDONESIA;EACH;;;;LIFE TIME;WARRANTY
495;2144970;;;RING WRENCH INSERT TOOLS;HEYCO;792411980;TOOLS;PT LANCAR MAKMUR BERSAMA;JAKARTA, INDONESIA;EACH;;;;LIFE TIME;WARRANTY
496;2144988;;;RING WRENCH INSERT TOOLS;HEYCO;HY-00794411780;TOOLS;PT LANCAR MAKMUR BERSAMA;JAKARTA, INDONESIA;EACH;;;;LIFE TIME;WARRANTY
497;2144996;;;RING WRENCH INSERT TOOLS;HEYCO;HY-00794411980;TOOLS;PT LANCAR MAKMUR BERSAMA;JAKARTA, INDONESIA;EACH;;;;LIFE TIME;WARRANTY
498;2151629;;;"HEX SOCKET SCREWDRIVER 1/2""X7MM-L2:12";HEYCO;50311783;TOOLS;PT LANCAR MAKMUR BERSAMA;JAKARTA, INDONESIA;EACH;;;;LIFE TIME;WARRANTY
499;2151637;;;"EXTENTION BAR 1/2""X75MM";HEYCO;50041083;TOOLS;PT LANCAR MAKMUR BERSAMA;JAKARTA, INDONESIA;EACH;;;;LIFE TIME;WARRANTY
500;2143535;;;"SOCKET EXTRA DEEP SET 1/2""";HEYCO;3800901536;TOOLS;PT LANCAR MAKMUR BERSAMA;JAKARTA, INDONESIA;EACH;;;;LIFE TIME;WARRANTY
501;2135077;;;SOCKET SEGI 6, 10 MM;HEYCO;50601083;TOOLS;PT LANCAR MAKMUR BERSAMA;JAKARTA, INDONESIA;EACH;;;;LIFE TIME;WARRANTY
502;2135150;;;SINGLE ENDED RING WRENCHES 30 MM;HEYCO;HY-00808003020;TOOLS;PT LANCAR MAKMUR BERSAMA;JAKARTA, INDONESIA;EACH;;;;LIFE TIME;WARRANTY
503;2142255;;;VOLTAGE TESTERS;HEYCO;1424000050;TOOLS;PT LANCAR MAKMUR BERSAMA;JAKARTA, INDONESIA;EACH;;;;LIFE TIME;WARRANTY
504;2173979;;;SOCKET;HEYCO;50070983;TOOLS;PT LANCAR MAKMUR BERSAMA;JAKARTA, INDONESIA;EACH;;;;LIFE TIME;WARRANTY
505;2184315;;;SOCKET, SOCKET WRENCH;HEYCO;HY-06500193636;TOOLS;PT LANCAR MAKMUR BERSAMA;JAKARTA, INDONESIA;EACH;;;;LIFE TIME;WARRANTY
506;2171494;;;SCREW EXTRACTOR SET;HEYCO;1491000800;TOOLS;PT LANCAR MAKMUR BERSAMA;JAKARTA, INDONESIA;SET ;;;;LIFE TIME;WARRANTY
507;2168482;;;"SOCKET WRENCH 6 PT 1/2"" x 10 mm";HEYCO;50601083;TOOLS;PT LANCAR MAKMUR BERSAMA;JAKARTA, INDONESIA;EACH;;;;LIFE TIME;WARRANTY
508;2168508;;;"SOCKET WRENCH 6 PT 1/2"" x 12 mm";HEYCO;50601283;TOOLS;PT LANCAR MAKMUR BERSAMA;JAKARTA, INDONESIA;EACH;;;;LIFE TIME;WARRANTY
509;2168524;;;"REVERSIBLE RACHET HEAD 1/2""";HEYCO;HY-00794100083;TOOLS;PT LANCAR MAKMUR BERSAMA;JAKARTA, INDONESIA;EACH;;;;LIFE TIME;WARRANTY
510;2185189;;;IMPACT SOCKET;HEYCO;6600006536;TOOLS;PT LANCAR MAKMUR BERSAMA;JAKARTA, INDONESIA;EACH;;;;LIFE TIME;WARRANTY
511;2165538;;;SCREWDRIVER SOCKETS;HEYCO;25362783;TOOLS;PT LANCAR MAKMUR BERSAMA;JAKARTA, INDONESIA;EACH;;;;LIFE TIME;WARRANTY
512;2165553;;;SCREWDRIVER SOCKETS;HEYCO;25363083;TOOLS;PT LANCAR MAKMUR BERSAMA;JAKARTA, INDONESIA;EACH;;;;LIFE TIME;WARRANTY
513;2165561;;;SCREWDRIVER SOCKETS;HEYCO;25364083;TOOLS;PT LANCAR MAKMUR BERSAMA;JAKARTA, INDONESIA;EACH;;;;LIFE TIME;WARRANTY
514;2081206;;;"WRENCH SETS, ""L""-SHAPED";HEYCO;HY-00891001080;TOOLS;PT LANCAR MAKMUR BERSAMA;JAKARTA, INDONESIA;SET ;;;;LIFE TIME;WARRANTY
515;2054773;;;SINGLE ENDED RING WRENCHES;HEYCO;HY-00840004180;TOOLS;PT LANCAR MAKMUR BERSAMA;JAKARTA, INDONESIA;EACH;;;;LIFE TIME;WARRANTY
516;2074656;;;SCREWDRIVER SOCKET;HEYCO;HY-00050366083;TOOLS;PT LANCAR MAKMUR BERSAMA;JAKARTA, INDONESIA;EACH;;;;LIFE TIME;WARRANTY
517;2071298;;;SOCKET;HEYCO;HY-00100035180;TOOLS;PT LANCAR MAKMUR BERSAMA;JAKARTA, INDONESIA;EACH;;;;LIFE TIME;WARRANTY
518;2071306;;;SLOGGING RING WRENCHES;HEYCO;820635120;TOOLS;PT LANCAR MAKMUR BERSAMA;JAKARTA, INDONESIA;EACH;;;;LIFE TIME;WARRANTY
519;2072189;;;UNIVERSAL TWIN LEG PULLER;HEYCO;HY-02243002060;TOOLS;PT LANCAR MAKMUR BERSAMA;JAKARTA, INDONESIA;EACH;;;;LIFE TIME;WARRANTY
520;2073948;;;SCREWDRIVER SETS;HEYCO;1452000000;TOOLS;PT LANCAR MAKMUR BERSAMA;JAKARTA, INDONESIA;SET ;;;;LIFE TIME;WARRANTY
521;2057628;;;SOCKET, SOCKET WRENCH;HEYCO;HY-00100604680;TOOLS;PT LANCAR MAKMUR BERSAMA;JAKARTA, INDONESIA;EACH;;;;LIFE TIME;WARRANTY
522;2057636;;;SOCKET, SOCKET WRENCH;HEYCO;HY-00100605080;TOOLS;PT LANCAR MAKMUR BERSAMA;JAKARTA, INDONESIA;EACH;;;;LIFE TIME;WARRANTY
523;2238319;;;ENGINEERS SCREW DRIVERS;HEYCO;1470007580;TOOLS;PT LANCAR MAKMUR BERSAMA;JAKARTA, INDONESIA;EACH;;;;LIFE TIME;WARRANTY
524;2238327;;;ENGINEERS SCREW DRIVERS;HEYCO;1470015080;TOOLS;PT LANCAR MAKMUR BERSAMA;JAKARTA, INDONESIA;EACH;;;;LIFE TIME;WARRANTY
525;2217669;;;SLOGGING RING WRENCHS;HEYCO;820007020;TOOLS;PT LANCAR MAKMUR BERSAMA;JAKARTA, INDONESIA;EACH;;;;LIFE TIME;WARRANTY
526;2232205;;;SOCKET, SOCKET WRENCH;HEYCO;100602780;TOOLS;PT LANCAR MAKMUR BERSAMA;JAKARTA, INDONESIA;EACH;;;;LIFE TIME;WARRANTY
527;2232213;;;SOCKET, SOCKET WRENCH;HEYCO;100603880;TOOLS;PT LANCAR MAKMUR BERSAMA;JAKARTA, INDONESIA;EACH;;;;LIFE TIME;WARRANTY
528;2237345;;;"IMPACT SOCKET 6 PT 3/4"" x 33 MM";HEYCO;HY-06500003336;TOOLS;PT LANCAR MAKMUR BERSAMA;JAKARTA, INDONESIA;EACH;;;;LIFE TIME;WARRANTY
529;2225035;;;SCREWDRIVER SOCKETS 5/16;HEYCO;25313683;TOOLS;PT LANCAR MAKMUR BERSAMA;JAKARTA, INDONESIA;EACH;;;;LIFE TIME;WARRANTY
530;2259596;;;ADAPTER HEADS;HEYCO;HY-00794210080;TOOLS;PT LANCAR MAKMUR BERSAMA;JAKARTA, INDONESIA;EACH;;;;LIFE TIME;WARRANTY
531;2259729;;;SOCKET SETS;HEYCO;HY-00029301083;TOOLS;PT LANCAR MAKMUR BERSAMA;JAKARTA, INDONESIA;EACH;;;;LIFE TIME;WARRANTY
532;2248300;;;IMPACT SOCKETS;HEYCO;6600006036;TOOLS;PT LANCAR MAKMUR BERSAMA;JAKARTA, INDONESIA;EACH;;;;LIFE TIME;WARRANTY
533;2240422;;;OPEN END JAW WRENCH 10 MM;HEYCO;792311080;TOOLS;PT LANCAR MAKMUR BERSAMA;JAKARTA, INDONESIA;EACH;;;;LIFE TIME;WARRANTY
534;2240430;;;OPEN ENDED JAW WRENCH 22 MM;HEYCO;794312280;TOOLS;PT LANCAR MAKMUR BERSAMA;JAKARTA, INDONESIA;EACH;;;;LIFE TIME;WARRANTY
535;2240448;;;OPEN ENDED JAW WRENCH 24 MM;HEYCO;HY-00794312480;TOOLS;PT LANCAR MAKMUR BERSAMA;JAKARTA, INDONESIA;EACH;;;;LIFE TIME;WARRANTY
536;2240455;;;OPEN ENDED JAW WRENCH 27 MM;HEYCO;HY-00794312780;TOOLS;PT LANCAR MAKMUR BERSAMA;JAKARTA, INDONESIA;EACH;;;;LIFE TIME;WARRANTY
537;2240463;;;OPEN ENDED JAW WRENCH 30 MM;HEYCO;794313080;TOOLS;PT LANCAR MAKMUR BERSAMA;JAKARTA, INDONESIA;EACH;;;;LIFE TIME;WARRANTY
538;2240471;;;OPEN ENDED JAW WRENCH 32 MM;HEYCO;HY-0079431 3280;TOOLS;PT LANCAR MAKMUR BERSAMA;JAKARTA, INDONESIA;EACH;;;;LIFE TIME;WARRANTY
539;2249191;;;FLAT COLD CHISELS;HEYCO;1555125000;TOOLS;PT LANCAR MAKMUR BERSAMA;JAKARTA, INDONESIA;EACH;;;;LIFE TIME;WARRANTY
540;2254308;;;CIRCLIP PLIERS, STRAIGHT;HEYCO;HY-01250022087;TOOLS;PT LANCAR MAKMUR BERSAMA;JAKARTA, INDONESIA;EACH;;;;LIFE TIME;WARRANTY
541;2281012;;;IMPACT-Sockets;HEYCO;6600195536;TOOLS;PT LANCAR MAKMUR BERSAMA;JAKARTA, INDONESIA;EACH;;;;LIFE TIME;WARRANTY
542;2287746;;;MULTIFUNTION FUNNEL 2 IN 1;HEYCO;2011000000;TOOLS;PT LANCAR MAKMUR BERSAMA;JAKARTA, INDONESIA;EACH;;;;LIFE TIME;WARRANTY
543;2287753;;;PROTECTION COVER;HEYCO;1129801500;TOOLS;PT LANCAR MAKMUR BERSAMA;JAKARTA, INDONESIA;EACH;;;;LIFE TIME;WARRANTY
544;2287761;;;TORQUE WRENCH SETS;HEYCO;792180080;TOOLS;PT LANCAR MAKMUR BERSAMA;JAKARTA, INDONESIA;SET ;;;;LIFE TIME;WARRANTY
545;2287787;;;IMPACT SOCKET;HEYCO;6500193236;TOOLS;PT LANCAR MAKMUR BERSAMA;JAKARTA, INDONESIA;EACH;;;;LIFE TIME;WARRANTY
546;2198778;;;SOCKETS;HEYCO;105005080;TOOLS;PT LANCAR MAKMUR BERSAMA;JAKARTA, INDONESIA;EACH;;;;LIFE TIME;WARRANTY
547;2202042;;;ENGINEER SCREWDRIVERS;HEYCO;4530015080;TOOLS;PT LANCAR MAKMUR BERSAMA;JAKARTA, INDONESIA;EACH;;;;LIFE TIME;WARRANTY
548;2202059;;;"SOCKET SETS 1/4"" x (4 - 13 mm, 17 Pcs)";HEYCO;27301083;TOOLS;PT LANCAR MAKMUR BERSAMA;JAKARTA, INDONESIA;SET ;;;;LIFE TIME;WARRANTY
549;2202067;;;"SOCKET SET 1/4"" (1/8""-9/16"")";HEYCO;27401083;TOOLS;PT LANCAR MAKMUR BERSAMA;JAKARTA, INDONESIA;SET ;;;;LIFE TIME;WARRANTY
550;2202075;;;SLIDING T-HANDLE;HEYCO;40030083;TOOLS;PT LANCAR MAKMUR BERSAMA;JAKARTA, INDONESIA;EACH;;;;LIFE TIME;WARRANTY
551;2190486;;;TORQUE WRENCH (Ratchet);HEYCO;665000083;TOOLS;PT LANCAR MAKMUR BERSAMA;JAKARTA, INDONESIA;EACH;;;;LIFE TIME;WARRANTY
552;2190494;;;TORQUE WRENCH (Ratchet);HEYCO;666000083;TOOLS;PT LANCAR MAKMUR BERSAMA;JAKARTA, INDONESIA;EACH;;;;LIFE TIME;WARRANTY
553;2187557;;;"HEX. SOCKET SCREWDRIVER 1/2""x3/16""";HEYCO;50313283;TOOLS;PT LANCAR MAKMUR BERSAMA;JAKARTA, INDONESIA;EACH;;;;LIFE TIME;WARRANTY
554;2187565;;;"HEX. SOCKET SCREWDRIVER 1/2""x1/4""-L2:12";HEYCO;50313483;TOOLS;PT LANCAR MAKMUR BERSAMA;JAKARTA, INDONESIA;EACH;;;;LIFE TIME;WARRANTY
555;2187573;;;"HEX. SOCKET SCREWDRIVER 1/2""x5/16""-L2:12";HEYCO;50313683;TOOLS;PT LANCAR MAKMUR BERSAMA;JAKARTA, INDONESIA;EACH;;;;LIFE TIME;WARRANTY
556;2187581;;;"HEX. SOCKET SCREWDRIVER 1/2""x7/16""-L2:12";HEYCO;50314083;TOOLS;PT LANCAR MAKMUR BERSAMA;JAKARTA, INDONESIA;EACH;;;;LIFE TIME;WARRANTY
557;2187599;;;"HEX. SOCKET SCREWDRIVER 1/2""x1/2""-L2:12";HEYCO;50314283;TOOLS;PT LANCAR MAKMUR BERSAMA;JAKARTA, INDONESIA;EACH;;;;LIFE TIME;WARRANTY
558;2187615;;;"HEX. SOCKET SCREWDRIVER 1/2""x9/16""-L2:20";HEYCO;50314483;TOOLS;PT LANCAR MAKMUR BERSAMA;JAKARTA, INDONESIA;EACH;;;;LIFE TIME;WARRANTY
559;2187631;;;"SOCKET WRENCH 3/8"" x 11/32""";HEYCO;40031883;TOOLS;PT LANCAR MAKMUR BERSAMA;JAKARTA, INDONESIA;EACH;;;;LIFE TIME;WARRANTY
560;2187649;;;"SOCKET WRENCH 3/8"" x 3/8""";HEYCO;HY-00040031983;TOOLS;PT LANCAR MAKMUR BERSAMA;JAKARTA, INDONESIA;EACH;;;;LIFE TIME;WARRANTY
561;2187656;;;"SOCKET WRENCH 3/8"" x 7/16""";HEYCO;40032183;TOOLS;PT LANCAR MAKMUR BERSAMA;JAKARTA, INDONESIA;EACH;;;;LIFE TIME;WARRANTY
562;2187664;;;"SOCKET WRENCH 3/8"" x 1/2""";HEYCO;40032383;TOOLS;PT LANCAR MAKMUR BERSAMA;JAKARTA, INDONESIA;EACH;;;;LIFE TIME;WARRANTY
563;2187672;;;"SOCKET WRENCH 3/8"" x 9/16""";HEYCO;40032583;TOOLS;PT LANCAR MAKMUR BERSAMA;JAKARTA, INDONESIA;EACH;;;;LIFE TIME;WARRANTY
564;2187680;;;"SOCKET WRENCH 1/2"" x 25/32""";HEYCO;50033283;TOOLS;PT LANCAR MAKMUR BERSAMA;JAKARTA, INDONESIA;EACH;;;;LIFE TIME;WARRANTY
565;2187698;;;"SOCKET WRENCH 1/2"" x 31/32""";HEYCO;50033683;TOOLS;PT LANCAR MAKMUR BERSAMA;JAKARTA, INDONESIA;EACH;;;;LIFE TIME;WARRANTY
566;2187706;;;"HEX. SOCKET SCREWDRIVER 1/2""x3/4""-L2:20";HEYCO;50315083;TOOLS;PT LANCAR MAKMUR BERSAMA;JAKARTA, INDONESIA;EACH;;;;LIFE TIME;WARRANTY
567;2187714;;;"SOCKET WRENCH 3/8"" x 19/32""";HEYCO;40032683;TOOLS;PT LANCAR MAKMUR BERSAMA;JAKARTA, INDONESIA;EACH;;;;LIFE TIME;WARRANTY
568;2187722;;;"SOCKET WRENCH 3/8"" x 5/8""";HEYCO;40032783;TOOLS;PT LANCAR MAKMUR BERSAMA;JAKARTA, INDONESIA;EACH;;;;LIFE TIME;WARRANTY
569;2196137;;;SCREWDRIVER SETS;HEYCO;HY-00991001080;TOOLS;PT LANCAR MAKMUR BERSAMA;JAKARTA, INDONESIA;SET ;;;;LIFE TIME;WARRANTY
570;2211084;;;SINGLE ENDED OPEN JAWS WRENCH 41;HEYCO;894041036;TOOLS;PT LANCAR MAKMUR BERSAMA;JAKARTA, INDONESIA;EACH;;;;LIFE TIME;WARRANTY
571;2187730;;;"SOCKET WRENCH 3/8"" x 21/32""";HEYCO;40032883;TOOLS;PT LANCAR MAKMUR BERSAMA;JAKARTA, INDONESIA;EACH;;;;LIFE TIME;WARRANTY
572;2187748;;;"SOCKET WRENCH 3/8"" x 11/16""";HEYCO;40032983;TOOLS;PT LANCAR MAKMUR BERSAMA;JAKARTA, INDONESIA;EACH;;;;LIFE TIME;WARRANTY
573;2187755;;;"SOCKET WRENCH 3/8"" x 3/4""";HEYCO;40033183;TOOLS;PT LANCAR MAKMUR BERSAMA;JAKARTA, INDONESIA;EACH;;;;LIFE TIME;WARRANTY
574;2187771;;;"COMBINATION WRENCH 25/32""";HEYCO;400633282;TOOLS;PT LANCAR MAKMUR BERSAMA;JAKARTA, INDONESIA;EACH;;;;LIFE TIME;WARRANTY
575;2192870;;;SCREWDRIVER SOCKET  8mm;HEYCO;25300683;TOOLS;PT LANCAR MAKMUR BERSAMA;JAKARTA, INDONESIA;EACH;;;;LIFE TIME;WARRANTY
576;2188217;;;"HEX. HEAD WRENCH SETS 1/16"" - 1/2""";HEYCO;1340737030;TOOLS;PT LANCAR MAKMUR BERSAMA;JAKARTA, INDONESIA;EACH;;;;LIFE TIME;WARRANTY
577;2188225;;;"SOCKET WRENCH SET 1/4"" (1/8""-9/16"")";HEYCO;27401083;TOOLS;PT LANCAR MAKMUR BERSAMA;JAKARTA, INDONESIA;SET ;;;;LIFE TIME;WARRANTY
578;2191831;;;SOCKET SCREW;HEYCO;HY-00025310583;TOOLS;PT LANCAR MAKMUR BERSAMA;JAKARTA, INDONESIA;EACH;;;;LIFE TIME;WARRANTY
579;2188571;;;SLOGGING RING WRENCH 75 MM;HEYCO;820007520;TOOLS;PT LANCAR MAKMUR BERSAMA;JAKARTA, INDONESIA;EACH;;;;LIFE TIME;WARRANTY
580;2203578;;;HOOK WRENCH 135/145;HEYCO;HY-00800013530;TOOLS;PT LANCAR MAKMUR BERSAMA;JAKARTA, INDONESIA;EACH;;;;LIFE TIME;WARRANTY
581;232119;;;TRIPLE LEG PULLER (TRACKER) 150/80 MM;HEYCO;HY-02253000160;TOOLS;PT LANCAR MAKMUR BERSAMA;JAKARTA, INDONESIA;EACH;;;;LIFE TIME;WARRANTY
582;232245;;;SCREWDRIVER SOCKETS;HEYCO;50362783;TOOLS;PT LANCAR MAKMUR BERSAMA;JAKARTA, INDONESIA;EACH;;;;LIFE TIME;WARRANTY
583;234303;;;"IMPACT SOCKET EXTRA DEEP 1/2"" X 15MM";HEYCO;HY-03800191536;TOOLS;PT LANCAR MAKMUR BERSAMA;JAKARTA, INDONESIA;EACH;;;;LIFE TIME;WARRANTY
584;234121;;;VOLTAGE TESTER;HEYCO;HY-01427000000;TOOLS;PT LANCAR MAKMUR BERSAMA;JAKARTA, INDONESIA;EACH;;;;LIFE TIME;WARRANTY
585;1167196;;;OPEN END 30X32MM;HEYCO;HY-00350303282;TOOLS;PT LANCAR MAKMUR BERSAMA;JAKARTA, INDONESIA;EACH;;;;LIFE TIME;WARRANTY
586;2297265;;;DOUBLE ENDED OPEN JAW WRENCHES 75x80MM;HEYCO;HY-00895758020;TOOLS;PT LANCAR MAKMUR BERSAMA;JAKARTA, INDONESIA;EACH;;;;LIFE TIME;WARRANTY
587;2297273;;;SLOGGING OPEN JAW WRENCHES 75MM;HEYCO;HY-00810007520;TOOLS;PT LANCAR MAKMUR BERSAMA;JAKARTA, INDONESIA;EACH;;;;LIFE TIME;WARRANTY
588;1167113;;;OPEN END 12X13MM;HEYCO;HY-00350121382;TOOLS;PT LANCAR MAKMUR BERSAMA;JAKARTA, INDONESIA;EACH;;;;LIFE TIME;WARRANTY
589;243590;;;SOCKET ON ALUMUNIUM SOCKET RAIL;HEYCO;50790083;TOOLS;PT LANCAR MAKMUR BERSAMA;JAKARTA, INDONESIA;EACH;;;;LIFE TIME;WARRANTY
590;241113;;;COMBINATION WRENCH 46 MM;HEYCO;HY-00410046083;TOOLS;PT LANCAR MAKMUR BERSAMA;JAKARTA, INDONESIA;EACH;;;;LIFE TIME;WARRANTY
591;241112;;;COMBINATION WRENCH 41 MM;HEYCO;HY-00410041083;TOOLS;PT LANCAR MAKMUR BERSAMA;JAKARTA, INDONESIA;EACH;;;;LIFE TIME;WARRANTY
592;241114;;;SLOGGING RING 38 MM;HEYCO;HY-00820003820;TOOLS;PT LANCAR MAKMUR BERSAMA;JAKARTA, INDONESIA;EACH;;;;LIFE TIME;WARRANTY
593;254189;;;IMPACT SOCKET DRIVE 3/4 INCH, 17MM;HEYCO;6500001736;TOOLS;PT LANCAR MAKMUR BERSAMA;JAKARTA, INDONESIA;EACH;;;;LIFE TIME;WARRANTY
594;254168;;;SOCKET;HEYCO;50191982;TOOLS;PT LANCAR MAKMUR BERSAMA;JAKARTA, INDONESIA;EACH;;;;LIFE TIME;WARRANTY
595;258329;;;DOUBLE ENDED OPEN JAW WRENCH SETS;HEYCO;350767082;TOOLS;PT LANCAR MAKMUR BERSAMA;JAKARTA, INDONESIA;SET ;;;;LIFE TIME;WARRANTY
596;258330;;;DOUBLE ENDED RING WRENCH SETS;HEYCO;400738082;TOOLS;PT LANCAR MAKMUR BERSAMA;JAKARTA, INDONESIA;SET ;;;;LIFE TIME;WARRANTY
597;258332;;;SOCKET SETS;HEYCO;75600083;TOOLS;PT LANCAR MAKMUR BERSAMA;JAKARTA, INDONESIA;SET ;;;;LIFE TIME;WARRANTY
598;258623;;;UNIVERSAL JOINT 3/4;HEYCO;6501001036;TOOLS;PT LANCAR MAKMUR BERSAMA;JAKARTA, INDONESIA;EACH;;;;LIFE TIME;WARRANTY
599;258331;;;COMBINATION WRENCH SETS;HEYCO;475767082;TOOLS;PT LANCAR MAKMUR BERSAMA;JAKARTA, INDONESIA;SET ;;;;LIFE TIME;WARRANTY
