GR;KOMATSU;GD825A-2;GR356;12428;S6D140E-2;KOMATSU;VA-30512
GR;KOMATSU;GD825A-2;GR357;12429;S6D140E-2;KOMATSU;ZE-40166
GR;KOMATSU;GD825A-2;GR370;12513;S6D140E-2;KOMATSU;LP-39985
GR;KOMATSU;GD825A-2;GR373;12519;S6D140E-2;KOMATSU;C1-EN32688
GR;KOMATSU;GD825A-2;GR374;12520;S6D140E-2;KOMATSU;VJ-39348
GR;KOMATSU;GD825A-2;GR375;12523;S6D140E-2;KOMATSU;QK-37011
GR;KOMATSU;GD825A-2;GR385;12541;S6D140E-2;KOMATSU;VJ-42233
GR;KOMATSU;GD825A-2;GR395;12581;S6D140E-2;KOMATSU;C1-EN41104
GR;KOMATSU;GD825A-2;GR420;12637;S6D140E-2;KOMATSU;42360
GR;KOMATSU;GD825A-2;GR433;12705;S6D140E-2;KOMATSU;C1-HS-38451
GR;KOMATSU;GD825A-2;GR454;12797;S6D140E-2;KOMATSU;YF-41054
GR;KOMATSU;GD825A-2;GR458;12816;S6D140E-2;KOMATSU;UB-35129
GR;KOMATSU;GD825A-2;GR459;12817;S6D140E-2;KOMATSU;UB-38068
GR;KOMATSU;GD825A-2;GR461;12826;S6D140E-2;KOMATSU;YF-41024
GR;KOMATSU;GD825A-2;GR462;12827;S6D140E-2;KOMATSU;YF-40328
GR;KOMATSU;GD825A-2;GR587;13476;S6D140E-2;KOMATSU;44041
GR;KOMATSU;GD825A-2;GR589;13499;S6D140E-2;KOMATSU;0
GR;KOMATSU;GD825A-2;GR590;13500;S6D140E-2;KOMATSU;44134
GR;KOMATSU;GD825A-2;GR593;13512;S6D140E-2;KOMATSU;44171
GR;KOMATSU;GD825A-2;GR596;13518;S6D140E-2;KOMATSU;44182
GR;KOMATSU;GD825A-2;GR597;13523;S6D140E-2;KOMATSU;44204
GR;KOMATSU;GD825A-2;GR598;13526;S6D140E-2;KOMATSU;0
WL;KOMATSU;WA600-3;WL423;52520;SAA6D170E-3;KOMATSU;JY-319764
WL;KOMATSU;WA600-3;WL426;52573;SAA6D170E-3;KOMATSU;319820
WL;KOMATSU;WA380;WL253;54784;S6D108-1;KOMATSU;39944RD
WD;KOMATSU;WD600-3;WD017;50355;SAA6D170E-3;KOMATSU;TC-313885
LD;SCANIA;P410CB8x4EHZ;LD693;5339017;DC13107L01;SCANIA;6794508
LD;SCANIA;P410CB8x4EHZ;LD699;5340404;DC13107L01;SCANIA;6796674
LD;SCANIA;P410CB8x4EHZ;LD705;2097852;DC13107L01;SCANIA;6815587
LD;SCANIA;P410CB8x4EHZ;LD709;2097950;DC13107L01;SCANIA;6815990
LD;SCANIA;P410CB8x4EHZ;LD713;2099767;DC13107L01;SCANIA;6823681
LD;SCANIA;P410CB8x4EHZ;LD716;2099793;DC13107L01;SCANIA;6823774
LD;SCANIA;P410CB8x4EHZ;LD718;2099902;DC13107L01;SCANIA;6824198
LD;SCANIA;P410CB8x4EHZ;LD723;2099448;DC13107L01;SCANIA;6822262
LD;SCANIA;P410CB8x4EHZ;LD764;2111333;DC13107L01;SCANIA;6877169
LD;SCANIA;P410CB8x4EHZ;LD766;2111596;DC13107L01;SCANIA;6878542
LD;SCANIA;P410CB8x4EHZ;LD767;2111601;DC13107L01;SCANIA;6878568
LD;SCANIA;P410CB8x4EHZ;LD854;YS2P8X400H5455570;DC13107L01;SCANIA;6991996
LD;SCANIA;P410CB8x4EHZ;LD855;YS2P8X400H5455575;DC13107L01;SCANIA;6992014
LD;SCANIA;P410CB8x4EHZ;LD856;YS2P8X400H5455586;DC13107L01;SCANIA;6992001
LD;SCANIA;P410CB8x4EHZ;LD880;YS2P8X400H5456795;DC13107L01;SCANIA;6993875
LD;SCANIA;P410CB8x4EHZ;LD882;YS2P8X400H5456863;DC13107L01;SCANIA;6993989
LD;SCANIA;P410CB8x4EHZ;LD883;YS2P8X400H5456873;DC13107L01;SCANIA;6994001
LD;SCANIA;P410CB8x4EHZ;LD884;YS2P8X400H5456876;DC13107L01;SCANIA;6994005
LD;SCANIA;P410CB8x4EHZ;LD891;YS2P8X400H5457156;DC13107L01;SCANIA;6994545
LD;SCANIA;P410CB8x4EHZ;LD897;YS2P8X400H5456882;DC13107L01;SCANIA;6994012
LD;SCANIA;P410CB8x4EHZ;LD904;YS2P8X400H5457063;DC13107L01;SCANIA;6993431
LD;SCANIA;P410CB8x4EHZ;LD905;YS2P8X400H5457197;DC13107L01;SCANIA;6994589
LD;SCANIA;P410CB8x4EHZ;LD906;YS2P8X400H5457200;DC13107L01;SCANIA;6994593
LD;SCANIA;P410CB8x4EHZ;LD1003;YS2P8X400H5489042;DC13107L01;SCANIA;EN7047891
LD;SCANIA;P410CB8x4EHZ;LD1004;YS2P8X400H5489080;DC13107L01;SCANIA;EN7047930
LD;SCANIA;P410CB8x4EHZ;LD1005;YS2P8X400H5489301;DC13107L01;SCANIA;EN7048392
LD;SCANIA;P410CB8x4EHZ;LD1006;YS2P8X400H5489465;DC13107L01;SCANIA;EN7048763
LD;SCANIA;P410CB8x4EHZ;LD1007;YS2P8X400H5491464;DC13107L01;SCANIA;EN7052061
LD;SCANIA;P410CB8x4EHZ;LD1008;YS2P8X400H5489281;DC13107L01;SCANIA;EN7048339
LD;SCANIA;P410CB8x4EHZ;LD1009;YS2P8X400H5490966;DC13107L01;SCANIA;EN7050922
LD;SCANIA;P410CB8x4EHZ;LD1010;YS2P8X400H5491255;DC13107L01;SCANIA;EN7051596
LD;SCANIA;P410CB8x4EHZ;LD1011;YS2P8X400H5491319;DC13107L01;SCANIA;EN7051847
LD;SCANIA;P410CB8x4EHZ;LD1012;YS2P8X400H5491495;DC13107L01;SCANIA;EN7052213
LD;SCANIA;P410CB8x4EHZ;LD1013;YS2P8X400H5495099;DC13107L01;SCANIA;EN7057678
LD;SCANIA;P410CB8x4EHZ;LD1014;YS2P8X400H5495316;DC13107L01;SCANIA;EN7058342
LD;SCANIA;P410CB8x4EHZ;LD1015;YS2P8X400H5495390;DC13107L01;SCANIA;EN7058423
LD;SCANIA;P410CB8x4EHZ;LD1016;YS2P8X400H5495479;DC13107L01;SCANIA;EN7058701
LD;SCANIA;P410CB8x4EHZ;LD1017;YS2P8X400H5491431;DC13107L01;SCANIA;EN7051968
LD;SCANIA;P410CB8x4EHZ;LD1018;YS2P8X400H5495587;DC13107L01;SCANIA;EN7057884
LD;SCANIA;P410CB8x4EHZ;LD1021;YS2P8X400H5491345;DC13107L01;SCANIA;EN7051871
LD;SCANIA;P410CB8x4EHZ;LD1022;YS2P8X400H5495222;DC13107L01;SCANIA;EN7058050
LD;SCANIA;P410CB8x4EHZ;LD1023;YS2P8X400H5495941;DC13107L01;SCANIA;EN7059953
LD;SCANIA;P410CB8x4EHZ;LD1024;YS2P8X400H5496127;DC13107L01;SCANIA;EN7059787
LD;SCANIA;P410CB8x4EHZ;LD1025;YS2P8X400H5496535;DC13107L01;SCANIA;EN7060763
LD;SCANIA;P410CB8x4EHZ;LD1026;YS2P8X400H5496472;DC13107L01;SCANIA;EN7060638