NO;UNIT NAME;MAKER/PRODUCT;UNIT TYPE;UNIT CODE NUMBER;UNIT SERIAL NUMBER;ENGINE MODEL;ENGINE MNEMONIC;ENGINE SERIAL NUMBER
1;GR;KOMATSU;GD825A-2;GR356;12428;S6D140E-2;KOMATSU;VA-30512
2;GR;KOMATSU;GD825A-2;GR357;12429;S6D140E-2;KOMATSU;ZE-40166
3;GR;KOMATSU;GD825A-2;GR370;12513;S6D140E-2;KOMATSU;LP-39985
4;GR;KOMATSU;GD825A-2;GR373;12519;S6D140E-2;KOMATSU;C1-EN32688
5;GR;KOMATSU;GD825A-2;GR374;12520;S6D140E-2;KOMATSU;VJ-39348
6;GR;KOMATSU;GD825A-2;GR375;12523;S6D140E-2;KOMATSU;QK-37011
7;GR;KOMATSU;GD825A-2;GR385;12541;S6D140E-2;KOMATSU;VJ-42233
8;GR;KOMATSU;GD825A-2;GR395;12581;S6D140E-2;KOMATSU;C1-EN41104
9;GR;KOMATSU;GD825A-2;GR420;12637;S6D140E-2;KOMATSU;42360
10;GR;KOMATSU;GD825A-2;GR433;12705;S6D140E-2;KOMATSU;C1-HS-38451
11;GR;KOMATSU;GD825A-2;GR454;12797;S6D140E-2;KOMATSU;YF-41054
12;GR;KOMATSU;GD825A-2;GR458;12816;S6D140E-2;KOMATSU;UB-35129
13;GR;KOMATSU;GD825A-2;GR459;12817;S6D140E-2;KOMATSU;UB-38068
14;GR;KOMATSU;GD825A-2;GR461;12826;S6D140E-2;KOMATSU;YF-41024
15;GR;KOMATSU;GD825A-2;GR462;12827;S6D140E-2;KOMATSU;YF-40328
16;GR;KOMATSU;GD825A-2;GR587;13476;S6D140E-2;KOMATSU;44041
17;GR;KOMATSU;GD825A-2;GR589;13499;S6D140E-2;KOMATSU;0
18;GR;KOMATSU;GD825A-2;GR590;13500;S6D140E-2;KOMATSU;44134
19;GR;KOMATSU;GD825A-2;GR593;13512;S6D140E-2;KOMATSU;44171
20;GR;KOMATSU;GD825A-2;GR596;13518;S6D140E-2;KOMATSU;44182
21;GR;KOMATSU;GD825A-2;GR597;13523;S6D140E-2;KOMATSU;44204
22;GR;KOMATSU;GD825A-2;GR598;13526;S6D140E-2;KOMATSU;0
23;WL;KOMATSU;WA600-3;WL423;52520;SAA6D170E-3;KOMATSU;JY-319764
24;WL;KOMATSU;WA600-3;WL426;52573;SAA6D170E-3;KOMATSU;319820
25;WL;KOMATSU;WA380;WL253;54784;S6D108-1;KOMATSU;39944RD
26;WD;KOMATSU;WD600-3;WD017;50355;SAA6D170E-3;KOMATSU;TC-313885
27;LD;SCANIA;P410CB8x4EHZ;LD693;5339017;DC13107L01;SCANIA;6794508
28;LD;SCANIA;P410CB8x4EHZ;LD699;5340404;DC13107L01;SCANIA;6796674
29;LD;SCANIA;P410CB8x4EHZ;LD705;2097852;DC13107L01;SCANIA;6815587
30;LD;SCANIA;P410CB8x4EHZ;LD709;2097950;DC13107L01;SCANIA;6815990
31;LD;SCANIA;P410CB8x4EHZ;LD713;2099767;DC13107L01;SCANIA;6823681
32;LD;SCANIA;P410CB8x4EHZ;LD716;2099793;DC13107L01;SCANIA;6823774
33;LD;SCANIA;P410CB8x4EHZ;LD718;2099902;DC13107L01;SCANIA;6824198
34;LD;SCANIA;P410CB8x4EHZ;LD723;2099448;DC13107L01;SCANIA;6822262
35;LD;SCANIA;P410CB8x4EHZ;LD764;2111333;DC13107L01;SCANIA;6877169
36;LD;SCANIA;P410CB8x4EHZ;LD766;2111596;DC13107L01;SCANIA;6878542
37;LD;SCANIA;P410CB8x4EHZ;LD767;2111601;DC13107L01;SCANIA;6878568
38;LD;SCANIA;P410CB8x4EHZ;LD854;YS2P8X400H5455570;DC13107L01;SCANIA;6991996
39;LD;SCANIA;P410CB8x4EHZ;LD855;YS2P8X400H5455575;DC13107L01;SCANIA;6992014
40;LD;SCANIA;P410CB8x4EHZ;LD856;YS2P8X400H5455586;DC13107L01;SCANIA;6992001
41;LD;SCANIA;P410CB8x4EHZ;LD880;YS2P8X400H5456795;DC13107L01;SCANIA;6993875
42;LD;SCANIA;P410CB8x4EHZ;LD882;YS2P8X400H5456863;DC13107L01;SCANIA;6993989
43;LD;SCANIA;P410CB8x4EHZ;LD883;YS2P8X400H5456873;DC13107L01;SCANIA;6994001
44;LD;SCANIA;P410CB8x4EHZ;LD884;YS2P8X400H5456876;DC13107L01;SCANIA;6994005
45;LD;SCANIA;P410CB8x4EHZ;LD891;YS2P8X400H5457156;DC13107L01;SCANIA;6994545
46;LD;SCANIA;P410CB8x4EHZ;LD897;YS2P8X400H5456882;DC13107L01;SCANIA;6994012
47;LD;SCANIA;P410CB8x4EHZ;LD904;YS2P8X400H5457063;DC13107L01;SCANIA;6993431
48;LD;SCANIA;P410CB8x4EHZ;LD905;YS2P8X400H5457197;DC13107L01;SCANIA;6994589
49;LD;SCANIA;P410CB8x4EHZ;LD906;YS2P8X400H5457200;DC13107L01;SCANIA;6994593
50;LD;SCANIA;P410CB8x4EHZ;LD1003;YS2P8X400H5489042;DC13107L01;SCANIA;EN7047891
51;LD;SCANIA;P410CB8x4EHZ;LD1004;YS2P8X400H5489080;DC13107L01;SCANIA;EN7047930
52;LD;SCANIA;P410CB8x4EHZ;LD1005;YS2P8X400H5489301;DC13107L01;SCANIA;EN7048392
53;LD;SCANIA;P410CB8x4EHZ;LD1006;YS2P8X400H5489465;DC13107L01;SCANIA;EN7048763
54;LD;SCANIA;P410CB8x4EHZ;LD1007;YS2P8X400H5491464;DC13107L01;SCANIA;EN7052061
55;LD;SCANIA;P410CB8x4EHZ;LD1008;YS2P8X400H5489281;DC13107L01;SCANIA;EN7048339
56;LD;SCANIA;P410CB8x4EHZ;LD1009;YS2P8X400H5490966;DC13107L01;SCANIA;EN7050922
57;LD;SCANIA;P410CB8x4EHZ;LD1010;YS2P8X400H5491255;DC13107L01;SCANIA;EN7051596
58;LD;SCANIA;P410CB8x4EHZ;LD1011;YS2P8X400H5491319;DC13107L01;SCANIA;EN7051847
59;LD;SCANIA;P410CB8x4EHZ;LD1012;YS2P8X400H5491495;DC13107L01;SCANIA;EN7052213
60;LD;SCANIA;P410CB8x4EHZ;LD1013;YS2P8X400H5495099;DC13107L01;SCANIA;EN7057678
61;LD;SCANIA;P410CB8x4EHZ;LD1014;YS2P8X400H5495316;DC13107L01;SCANIA;EN7058342
62;LD;SCANIA;P410CB8x4EHZ;LD1015;YS2P8X400H5495390;DC13107L01;SCANIA;EN7058423
63;LD;SCANIA;P410CB8x4EHZ;LD1016;YS2P8X400H5495479;DC13107L01;SCANIA;EN7058701
64;LD;SCANIA;P410CB8x4EHZ;LD1017;YS2P8X400H5491431;DC13107L01;SCANIA;EN7051968
65;LD;SCANIA;P410CB8x4EHZ;LD1018;YS2P8X400H5495587;DC13107L01;SCANIA;EN7057884
66;LD;SCANIA;P410CB8x4EHZ;LD1021;YS2P8X400H5491345;DC13107L01;SCANIA;EN7051871
67;LD;SCANIA;P410CB8x4EHZ;LD1022;YS2P8X400H5495222;DC13107L01;SCANIA;EN7058050
68;LD;SCANIA;P410CB8x4EHZ;LD1023;YS2P8X400H5495941;DC13107L01;SCANIA;EN7059953
69;LD;SCANIA;P410CB8x4EHZ;LD1024;YS2P8X400H5496127;DC13107L01;SCANIA;EN7059787
70;LD;SCANIA;P410CB8x4EHZ;LD1025;YS2P8X400H5496535;DC13107L01;SCANIA;EN7060763
71;LD;SCANIA;P410CB8x4EHZ;LD1026;YS2P8X400H5496472;DC13107L01;SCANIA;EN7060638
72;LD;SCANIA;P410CB8x4EHZ;LD885;YS2P8X400H5456891;DC13107L01;SCANIA;0
73;LD;SCANIA;P410CB8x4EHZ;LD887;YS2P8X400H5456830;DC13107L01;SCANIA;0
74;LD;SCANIA;P410CB8x4EHZ;LD889;YS2P8X400H5456936;DC13107L01;SCANIA;0
75;LD;SCANIA;P410CB8x4EHZ;LD1027;YS2P8X400H5496490;DC13107L01;SCANIA;0
76;LD;SCANIA;P410CB8x4EHZ;LD1031;YS2P8X400H5497477;DC13107L01;SCANIA;0
77;LD;SCANIA;P410CB8x4EHZ;LD785;YS2P8X400H5388304;DC13107L01;0;0
78;LD;SCANIA;P410CB8x4EHZ;LD786;YS2P8X400H5395756;DC13107L01;0;6892224
79;LD;SCANIA;P410CB8x4EHZ;LD787;YS2P8X400H5396392;DC13107L01;0;8893334
80;LD;SCANIA;P410CB8x4EHZ;LD874;YS2P8X400H5455326;DC13107L01;0;6991431
81;LD;SCANIA;P410CB8x4EHZ;LD896;YS2P8X400H5456804;DC13107L01;0;0
82;LD;SCANIA;P410CB8x4EHZ;LD1029;YS2P8X400H5496526;DC13107L01;0;0
83;LD;SCANIA;P410CB8x4EHZ;LD926;0;0;0;0
84;LD;SCANIA;P410CB8x4EHZ;LD943;0;0;0;0
85;LD;SCANIA;P410CB8x4EHZ;LD1028;0;0;0;0
86;LD;SCANIA;P410CB8x4EHZ;LD1030;0;0;0;0
87;LD;SCANIA;P410CB8x4EHZ;LD680;5331379;DC13107L01;SCANIA;6782356
88;LD;SCANIA;P410CB8x4EHZ;LD702;5341138;DC13107L01;SCANIA;6797879
89;LD;SCANIA;P410CB8x4EHZ;LD704;2097846;DC13107L01;SCANIA;6815579
90;LD;SCANIA;P410CB8x4EHZ;LD708;2097942;DC13107L01;SCANIA;6815979
91;LD;SCANIA;P410CB8x4EHZ;LD712;2099764;DC13107L01;SCANIA;6823874
92;LD;SCANIA;P410CB8x4EHZ;LD707;2097911;DC13107L01;SCANIA;6815840
93;LD;SCANIA;P410CB8x4EHZ;LD694;5339008;DC13107L01;SCANIA;6794500
94;LD;SCANIA;P410CB8x4EHZ;LD703;2097790;DC13107L01;SCANIA;6815358
95;LD;SCANIA;P410CB8x4EHZ;LD706;2097896;DC13107L01;SCANIA;6815785
96;LD;SCANIA;P410CB8x4EHZ;LD720;2099409;DC13107L01;SCANIA;6822086
97;LD;SCANIA;P410CB8x4EHZ;LD679;5331238;DC13107L01;SCANIA;6782049
98;LD;SCANIA;P410CB8x4EHZ;LD681;5331466;DC13107L01;SCANIA;6782469
99;LD;SCANIA;P410CB8x4EHZ;LD695;5339635;DC13107L01;SCANIA;6795402
100;LD;SCANIA;P410CB8x4EHZ;LD697;5340357;DC13107L01;SCANIA;6796613
101;LD;SCANIA;P410CB8x4EHZ;LD698;5340388;DC13107L01;SCANIA;6796659
102;LD;SCANIA;P410CB8x4EHZ;LD714;2099779;DC13107L01;SCANIA;6823704
103;LD;SCANIA;P410CB8x4EHZ;LD719;2099376;DC13107L01;SCANIA;6821955
104;LD;SCANIA;P410CB8x4EHZ;LD721;2099413;DC13107L01;SCANIA;6822108
105;LD;SCANIA;P410CB8x4EHZ;LD722;2099420;DC13107L01;SCANIA;6822125
106;LD;SCANIA;P410CB8x4EHZ;LD724;2099465;DC13107L01;SCANIA;6822386
107;LD;SCANIA;P410CB8x4EHZ;LD726;2099514;DC13107L01;SCANIA;6822517
108;DZ;KOMATSU;D85ESS-2;DZ127;J11917;S6D125E-2;KOMATSU;92285
109;DT;KOMATSU;HD785-7;DT3480;7860;SAA12V140E-3;KOMATSU;501691
110;EX;KOMATSU;PC400LC;EX245;20258;SA6D125E-2;KOMATSU;EN319868
111;EX;HITACHI;EX2600-7;EX770;HCMKEA90E00007077;;CUMMINS;0
112;EX;HITACHI;EX1200-6;EX1302;18J00H00001875;;CUMMINS;0
113;EX;KOMATSU;PC2000-8;EX1715;20095;SAA12V140E-3;KOMATSU;EZ-502144
114;EX;KOMATSU;PC2000-8;EX1716;20096;SAA12V140E-3;KOMATSU;500934
115;EX;KOMATSU;PC2000-8;EX1733;20139;SAA12V140E-3;KOMATSU;501380
116;EX;KOMATSU;PC2000-8;EX1768;20384;SAA12V140E-3;KOMATSU;504581
117;EX;KOMATSU;PC2000-8;EX1798;20701;SAA12V140E-3;KOMATSU;509136
118;EX;KOMATSU;PC2000-8;EX1815;20782;SAA12V140E-3;KOMATSU;0
119;EX;KOMATSU;PC2000-8;EX1817;20795;SAA12V140E-3;KOMATSU;0
120;EX;KOMATSU;PC200011R;EX1831;30028;SAA12V140E-3;KOMATSU;0
121;EX;KOMATSU;PC2000-8;EX1833;20918;SAA12V140E-3;KOMATSU;0
122;EX;KOMATSU;PC2000-8;EX1839;20935;SAA12V140E-3;KOMATSU;0
123;EX;KOMATSU;PC2000-8;EX1841;20941;SAA12V140E-3;KOMATSU;0
124;EX;KOMATSU;PC2000-8;EX1767;20377;SAA12V140E-3;KOMATSU;0
125;EX;KOMATSU;PC200011R;EX1855;J20001;SAA12V140E-3;KOMATSU;0
126;EX;KOMATSU;PC200011R;EX1859;30087;SAA12V140E-3;KOMATSU;0
127;EX;KOMATSU;PC200011R;EX1864;30102;SAA12V140E-3;KOMATSU;0
128;EX;KOMATSU;PC2000-8;EX1779;20432;SAA12V140E-3;KOMATSU;0
129;EX;KOMATSU;PC200011R;EX1867;30105;SAA12V140E-3;KOMATSU;0
130;EX;KOMATSU;PC3400EX11;EX3007;36318;;CUMMINS;0
131;EX;KOMATSU;PC1250SP8;EX1102;35480;SAA6D170E-5;KOMATSU;0
132;EX;KOMATSU;PC1250SP8;EX1113;J10105;SAA6D170E-5;KOMATSU;0
133;EX;KOMATSU;PC1250SP8;EX1130;J10123;SAA6D170E-5;KOMATSU;0
134;EX;KOMATSU;PC1250SP8;EX1159;35886;SAA6D170E-5;KOMATSU;0
135;EX;KOMATSU;PC1250SP8;EX1163;35906;SAA6D170E-5;KOMATSU;0
136;EX;KOMATSU;PC1250SP11R;EX1218;50133;SAA6D170E-5;KOMATSU;0
137;EX;KOMATSU;PC1250SP11R;EX1225;50188;SAA6D170E-5;KOMATSU;0
138;EX;KOMATSU;PC1250SP11R;EX1239;50277;SAA6D170E-5;KOMATSU;0
139;EX;KOMATSU;PC1250SP11R;EX1251;50341;SAA6D170E-5;KOMATSU;0
140;EX;KOMATSU;PC1250SP11R;EX1252;50355;SAA6D170E-5;KOMATSU;0
141;EX;KOMATSU;PC1250SP11R;EX1254;J20016;SAA6D170E-5;KOMATSU;0
142;EX;KOMATSU;PC850SP8;EX2404;70555;;KOMATSU;0
143;EX;KOMATSU;PC400-8;EX264;J30976;;KOMATSU;0
144;EX;KOMATSU;PC400-8;EX265;J30979;;KOMATSU;0
145;EX;KOMATSU;PC400-8;EX312;J31632;;KOMATSU;0
146;EX;KOMATSU;PC400-8;EX326;J31678;;KOMATSU;0
147;DZ;KOMATSU;D155A6R;DZ1047;85064;SAA6D140E-5;KOMATSU;630281
148;DZ;KOMATSU;D155A6R;DZ1050;85069;SAA6D140E-5;KOMATSU;630296
149;DZ;KOMATSU;D155A6R;DZ1079;85276;SAA6D140E-5;KOMATSU;630604
150;DZ;KOMATSU;D155A6R;DZ1085;85301;SAA6D140E-5;KOMATSU;530653
151;DZ;KOMATSU;D155A6R;DZ1097;85434;SAA6D140E-5;KOMATSU;630963
152;DZ;KOMATSU;D155A6R;DZ1102;85459;SAA6D140E-5;KOMATSU;631059
153;DZ;KOMATSU;D155A6R;DZ1105;85464;SAA6D140E-5;KOMATSU;C1-ENG30332
154;DZ;KOMATSU;D155A6R;DZ1108;85485;SAA6D140E-5;KOMATSU;631099
155;DZ;KOMATSU;D155A6R;DZ1114;85839;SAA6D140E-5;KOMATSU;631873
156;DZ;KOMATSU;D155A6R;DZ1192;87269;SAA6D140E-5;KOMATSU;VJ-630224
157;DZ;KOMATSU;D155A6R;DZ1203;87376;SAA6D140E-5;KOMATSU;0
158;DZ;KOMATSU;D155A6R;DZ1220;87566;SAA6D140E-5;KOMATSU;637866
159;DZ;KOMATSU;D155A6R;DZ1267;88699;SAA6D140E-5;KOMATSU;637896
160;DZ;KOMATSU;D155A6R;DZ1268;88712;SAA6D140E-5;KOMATSU;637896
161;DZ;KOMATSU;D155A6R;DZ1273;88661;SAA6D140E-5;KOMATSU;637766
162;DZ;KOMATSU;D155A6R;DZ1274;88662;SAA6D140E-5;KOMATSU;637771
163;DZ;KOMATSU;D155A6R;DZ1283;88849;SAA6D140E-5;KOMATSU;0
164;DZ;KOMATSU;D155A6R;DZ1285;88945;SAA6D140E-5;KOMATSU;0
165;DZ;KOMATSU;D155A6R;DZ1301;89087;SAA6D140E-5;KOMATSU;0
166;DZ;KOMATSU;D155A6R;DZ1307;89146;SAA6D140E-5;KOMATSU;0
167;DZ;KOMATSU;D155A6R;DZ1310;89158;SAA6D140E-5;KOMATSU;0
168;DZ;KOMATSU;D155A6R;DZ1315;89168;SAA6D140E-5;KOMATSU;0
169;DZ;KOMATSU;D155A6R;DZ1321;J10023;SAA6D140E-5;KOMATSU;0
170;DZ;KOMATSU;D375A-6R;DZ470;65039;SAA6D170E-5;KOMATSU;611619
171;DZ;KOMATSU;D375A-6R;DZ476;65072;SAA6D170E-5;KOMATSU;611707
172;DZ;KOMATSU;D375A-6R;DZ502;65447;SAA6D170E-5;KOMATSU;VJ-612414
173;DZ;KOMATSU;D375A-6R;DZ503;65244;SAA6D170E-5;KOMATSU;QK-612750
174;DZ;KOMATSU;D375A-6R;DZ508;65265;SA6D170E-3;KOMATSU;612652
175;DZ;KOMATSU;D375A-6R;DZ512;65281;SAA6D170E-5;KOMATSU;0
176;DZ;KOMATSU;D375A-6R;DZ531;65484;SAA6D170E-5;KOMATSU;0
177;DZ;KOMATSU;D375A-6R;DZ542;65512;SAA6D170E-5;KOMATSU;0
178;DZ;KOMATSU;D375A-6R;DZ609;66004;SAA6D170E-5;KOMATSU;0
179;DZ;KOMATSU;D375A-6R;DZ624;66122;SAA6D170E-5;KOMATSU;0
180;DZ;KOMATSU;D375A-6R;DZ632;66176;SAA6D170E-5;KOMATSU;0
181;DR;REEDRILL;SKF50;DR057;1K68F50;CAT - C15;CAT;BEM06506
182;DR;REEDRILL;SKF50;DR100;2C68F81;CAT - C15;CAT;JRE13151
183;DR;REEDRILL;SKF11;DR076;1M68M41;CAT - C15;CAT;JRE07249
184;DR;REEDRILL;SKF11;DR090;TRX68SSKFDN9L0009;CAT - C15;CAT;JRE09581
185;DR;REEDRILL;SKF11;DR101;2C68F84;CAT - C15;CAT;JRE14218
186;DR;REEDRILL;SKF11;DR102;2C68F90;CAT - C15;CAT;JRE14231
187;DR;SANDVIK;D50KS;DR133;734139;CAT - C15;CAT;MCW16031
188;DT;KOMATSU;HD785-7;DT3146;KMTHD023L26007003;SAA12V140E-3;KOMATSU;500054
189;DT;KOMATSU;HD785-7;DT3147;KMTHD023C26007006;SAA12V140E-3;KOMATSU;500072
190;DT;KOMATSU;HD785-7;DT3149;KMTHD023P26007008;SAA12V140E-3;KOMATSU;500074
191;DT;KOMATSU;HD785-7;DT3167;KMTHD023A26007033;SAA12V140E-3;KOMATSU;500057
192;DT;KOMATSU;HD785-7;DT3279;KMTHD023V26007379;SAA12V140E-3;KOMATSU;0
193;DT;KOMATSU;HD785-7;DT3349;7611;SAA12V140E-3;KOMATSU;501221
194;DT;KOMATSU;HD785-7;DT3353;J20107;SAA12V140E-3;KOMATSU;501245
195;DT;KOMATSU;HD785-7;DT3428;7756;SAA12V140E-3;KOMATSU;501491
196;DT;KOMATSU;HD785-7;DT3429;7757;SAA12V140E-3;KOMATSU;501490
197;DT;KOMATSU;HD785-7;DT3504;7904;SAA12V140E-3;KOMATSU;501748
198;DT;KOMATSU;HD785-7;DT3532;7964;SAA12V140E-3;KOMATSU;501889
199;DT;KOMATSU;HD785-7;DT3548;7971;SAA12V140E-3;KOMATSU;501897
200;DT;KOMATSU;HD785-7;DT3985;9010;SAA12V140E-3;KOMATSU;503632
201;DT;KOMATSU;HD785-7;DT4007;9053;SAA12V140E-3;KOMATSU;503549
202;DT;KOMATSU;HD785-7;DT3477;7857;SAA12V140E-3;KOMATSU;501697
203;DT;KOMATSU;HD785-7;DT3404;7716;SAA12V140E-3;KOMATSU;0
204;DT;KOMATSU;HD785-7;DT4149;9489;SAA12V140E-3;KOMATSU;504575
205;DT;KOMATSU;HD785-7;DT3768;8338;SAA12V140E-3;KOMATSU;502540
206;DT;KOMATSU;HD785-7;DT3828;8505;SAA12V140E-3;KOMATSU;VJ-503885
207;DT;KOMATSU;HD785-7;DT3398;7710;SAA12V140E-3;KOMATSU;501410
208;DT;KOMATSU;HD785-7;DT4707;31781;SAA12V140E-3;KOMATSU;509408
209;DT;KOMATSU;HD785-7;DT3213;7104;SAA12V140E-3;KOMATSU;CIAD-502409
210;DT;KOMATSU;HD785-7;DT3867;8623;SAA12V140E-3;KOMATSU;503008
211;DT;KOMATSU;HD785-7;DT3869;8625;SAA12V140E-3;KOMATSU;503024
212;DT;KOMATSU;HD785-7;DT3970;8985;SAA12V140E-3;KOMATSU;503562
213;DT;KOMATSU;HD785-7;DT3978;8995;SAA12V140E-3;KOMATSU;503586
214;DT;KOMATSU;HD785-7;DT4320;30058;SAA12V140E-3;KOMATSU;505636
215;DT;KOMATSU;HD785-7;DT3863;8614;SAA12V140E-3;KOMATSU;503009
216;DT;KOMATSU;HD785-7;DT3163;7029;;;0
217;DT;KOMATSU;HD785-7;DT3166;KMTHD023V26007032;SAA12V140E-3;KOMATSU;500090
218;DT;KOMATSU;HD785-7;DT3301;7472;SAA12V140E-3;KOMATSU;500955
219;DT;KOMATSU;HD785-7;DT3313;7520;SAA12V140E-3;KOMATSU;C1-EN500741
220;DT;KOMATSU;HD785-7;DT3339;J20093;SAA12V140E-3;KOMATSU;501188
221;DT;KOMATSU;HD785-7;DT3354;7643;SAA12V140E-3;KOMATSU;501296
222;DT;KOMATSU;HD785-7;DT3376;7673;SAA12V140E-3;KOMATSU;501338
223;DT;KOMATSU;HD785-7;DT3379;7679;SAA12V140E-3;KOMATSU;501364
224;DT;KOMATSU;HD785-7;DT3397;7709;SAA12V140E-3;KOMATSU;501398
225;DT;KOMATSU;HD785-7;DT3399;7711;SAA12V140E-3;KOMATSU;501415
226;DT;KOMATSU;HD785-7;DT3406;7719;SAA12V140E-3;KOMATSU;501405
227;DT;KOMATSU;HD785-7;DT3437;7774;SAA12V140E-3;KOMATSU;501528
228;DT;KOMATSU;HD785-7;DT3454;7809;SAA12V140E-3;KOMATSU;501577
229;DT;KOMATSU;HD785-7;DT3475;7853;SAA12V140E-3;KOMATSU;501680
230;DT;KOMATSU;HD785-7;DT3476;7856;SAA12V140E-3;KOMATSU;501681
231;DT;KOMATSU;HD785-7;DT3478;7858;SAA12V140E-3;KOMATSU;501696
232;DT;KOMATSU;HD785-7;DT3482;7862;SAA12V140E-3;KOMATSU;501707
233;DT;KOMATSU;HD785-7;DT3492;7888;SAA12V140E-3;KOMATSU;501733
234;DT;KOMATSU;HD785-7;DT3493;7893;SAA12V140E-3;KOMATSU;501768
235;DT;KOMATSU;HD785-7;DT3494;7894;SAA12V140E-3;KOMATSU;501772
236;DT;KOMATSU;HD785-7;DT3495;7895;SAA12V140E-3;KOMATSU;501766
237;DT;KOMATSU;HD785-7;DT3501;7901;SAA12V140E-3;KOMATSU;501783
238;DT;KOMATSU;HD785-7;DT3515;7932;SAA12V140E-3;KOMATSU;501818
239;DT;KOMATSU;HD785-7;DT3516;7934;SAA12V140E-3;KOMATSU;501828
240;DT;KOMATSU;HD785-7;DT3533;7966;SAA12V140E-3;KOMATSU;501886
241;DT;KOMATSU;HD785-7;DT3534;7967;SAA12V140E-3;KOMATSU;501892
242;DT;KOMATSU;HD785-7;DT3544;J20149;SAA12V140E-3;KOMATSU;C1-EN502621
243;DT;KOMATSU;HD785-7;DT3546;7969;SAA12V140E-3;KOMATSU;501899
244;DT;KOMATSU;HD785-7;DT3547;7970;SAA12V140E-3;KOMATSU;501895
245;DT;KOMATSU;HD785-7;DT3549;7972;SAA12V140E-3;KOMATSU;501898
246;DT;KOMATSU;HD785-7;DT3550;7973;SAA12V140E-3;KOMATSU;501905
247;DT;KOMATSU;HD785-7;DT3551;7974;SAA12V140E-3;KOMATSU;501902
248;DT;KOMATSU;HD785-7;DT3555;7978;SAA12V140E-3;KOMATSU;501903
249;DT;KOMATSU;HD785-7;DT3556;7979;SAA12V140E-3;KOMATSU;501909
250;DT;KOMATSU;HD785-7;DT3559;7982;SAA12V140E-3;KOMATSU;501906
251;DT;KOMATSU;HD785-7;DT3614;8052;SAA12V140E-3;KOMATSU;502025
252;DT;KOMATSU;HD785-7;DT3615;8053;SAA12V140E-3;KOMATSU;502036
253;DT;KOMATSU;HD785-7;DT3616;8054;SAA12V140E-3;KOMATSU;502040
254;DT;KOMATSU;HD785-7;DT3617;8055;SAA12V140E-3;KOMATSU;502035
255;DT;KOMATSU;HD785-7;DT3760;8335;SAA12V140E-3;KOMATSU;502533
256;DT;KOMATSU;HD785-7;DT3761;8337;SAA12V140E-3;KOMATSU;532548
257;DT;KOMATSU;HD785-7;DT3769;8317;SAA12V140E-3;KOMATSU;502525
258;DT;KOMATSU;HD785-7;DT3776;8311;SAA12V140E-3;KOMATSU;502519
259;DT;KOMATSU;HD785-7;DT3810;8449;SAA12V140E-3;KOMATSU;502724
260;DT;KOMATSU;HD785-7;DT3827;8504;SAA12V140E-3;KOMATSU;502807
261;DT;KOMATSU;HD785-7;DT3861;8612;SAA12V140E-3;KOMATSU;503007
262;DT;KOMATSU;HD785-7;DT3868;8624;SAA12V140E-3;KOMATSU;503034
263;DT;KOMATSU;HD785-7;DT3972;8987;SAA12V140E-3;KOMATSU;503548
264;DT;KOMATSU;HD785-7;DT3979;9000;SAA12V140E-3;KOMATSU;503617
265;DT;KOMATSU;HD785-7;DT3982;9004;SAA12V140E-3;KOMATSU;503627
266;DT;KOMATSU;HD785-7;DT3984;9009;SAA12V140E-3;KOMATSU;503625
267;DT;KOMATSU;HD785-7;DT4034;9133;SAA12V140E-3;KOMATSU;503826
268;DT;KOMATSU;HD785-7;DT4035;9135;SAA12V140E-3;KOMATSU;503710
269;DT;KOMATSU;HD785-7;DT4038;9139;SAA12V140E-3;KOMATSU;503785
270;DT;KOMATSU;HD785-7;DT4176;9583;SAA12V140E-3;KOMATSU;504793
271;DT;KOMATSU;HD785-7;DT4177;9586;SAA12V140E-3;KOMATSU;504752
272;DT;KOMATSU;HD785-7;DT4179;9589;SAA12V140E-3;KOMATSU;504676
273;DT;KOMATSU;HD785-7;DT4269;9863;SAA12V140E-3;KOMATSU;505271
274;DT;KOMATSU;HD785-7;DT4279;9915;SAA12V140E-3;KOMATSU;505382
275;DT;KOMATSU;HD785-7;DT4280;9917;SAA12V140E-3;KOMATSU;505410
276;DT;KOMATSU;HD785-7;DT4296;9935;SAA12V140E-3;KOMATSU;505411
277;DT;KOMATSU;HD785-7;DT4704;31730;SAA12V140E-3;KOMATSU;509295
278;DT;KOMATSU;HD785-7;DT4705;31779;SAA12V140E-3;KOMATSU;509403
279;DT;KOMATSU;HD785-7;DT4706;31780;SAA12V140E-3;KOMATSU;509404
280;DT;KOMATSU;HD785-7;DT4708;31806;SAA12V140E-3;KOMATSU;509473
281;DT;KOMATSU;HD785-7;DT4711;31809;SAA12V140E-3;KOMATSU;509484
282;DT;KOMATSU;HD785-7;DT5037;32627;SAA12V140E-3;KOMATSU;511125
283;DT;KOMATSU;HD785-7;DT5038;32663;SAA12V140E-3;KOMATSU;511198
284;DT;KOMATSU;HD785-7;DT5039;32664;SAA12V140E-3;KOMATSU;511199
285;DT;KOMATSU;HD785-7;DT5045;32628;SAA12V140E-3;KOMATSU;511126
286;DT;KOMATSU;HD785-7;DT5046;32681;SAA12V140E-3;KOMATSU;511234
287;DT;KOMATSU;HD785-7;DT5047;32687;SAA12V140E-3;KOMATSU;511149
288;DT;KOMATSU;HD785-7;DT5063;32720;SAA12V140E-3;KOMATSU;511295
289;DT;KOMATSU;HD785-7;DT5064;32721;SAA12V140E-3;KOMATSU;511299
290;DT;KOMATSU;HD785-7;DT5066;32724;SAA12V140E-3;KOMATSU;511307
291;DT;KOMATSU;HD785-7;DT5084;32810;SAA12V140E-3;KOMATSU;511462
292;DT;KOMATSU;HD785-7;DT5085;32815;SAA12V140E-3;KOMATSU;511463
293;DT;KOMATSU;HD785-7;DT4116;9410;SAA12V140E-3;KOMATSU;CI-EN504488
294;DT;KOMATSU;HD785-7;DT4450;9971;SAA12V140E-3;KOMATSU;LP500334
295;DT;KOMATSU;HD785-7;DT4517;30672;SAA12V140E-3;KOMATSU;506876
296;DT;KOMATSU;HD785-7;DT4523;30682;SAA12V140E-3;KOMATSU;506899
297;DT;KOMATSU;HD785-7;DT5264;34006;SAA12V140E-3;KOMATSU;514047
298;DT;KOMATSU;HD785-7;DT5265;34007;SAA12V140E-3;KOMATSU;514048
299;DT;KOMATSU;HD785-7;DT3194;7076;SAA12V140E-3;KOMATSU;VJ-510694
300;DT;KOMATSU;HD785-7;DT3248;7317;SAA12V140E-3;KOMATSU;VJ-503174
301;DT;KOMATSU;HD785-7;DT3971;8986;SAA12V140E-3;KOMATSU;RE-500173
302;DT;KOMATSU;HD785-7;DT4474;30262;SAA12V140E-3;KOMATSU;C1 BC-507261
303;DT;KOMATSU;HD785-7;DT4500;30292;SAA12V140E-3;KOMATSU;C1 EN502782
304;DT;KOMATSU;HD785-7;DT4524;30685;SAA12V140E-3;KOMATSU;0
305;DT;KOMATSU;HD785-7;DT4303;9950;SAA12V140E-3;KOMATSU;0
306;DT;KOMATSU;HD785-7;DT4390;30332;SAA12V140E-3;KOMATSU;0
307;DT;KOMATSU;HD785-7;DT5303;J30784;SAA12V140E-3;KOMATSU;514057
308;DT;KOMATSU;HD785-7;DT5312;J30787;SAA12V140E-3;KOMATSU;513982
309;DT;KOMATSU;HD785-7;DT5276;34050;SAA12V140E-3;KOMATSU;514161
310;DT;KOMATSU;HD785-7;DT5376;34290;SAA12V140E-3;KOMATSU;514678
311;DT;KOMATSU;HD785-7;DT5377;34295;SAA12V140E-3;KOMATSU;514685
312;DT;KOMATSU;HD785-7;DT5378;34297;SAA12V140E-3;KOMATSU;514691
313;DT;KOMATSU;HD785-7;DT5379;34299;SAA12V140E-3;KOMATSU;514692
314;DT;KOMATSU;HD785-7;DT3177;7041;SAA12V140E-3;KOMATSU;502062
315;DT;KOMATSU;HD785-7;DT3345;7598;SAA12V140E-3;KOMATSU;JY-500185
316;DT;KOMATSU;HD785-7;DT4187;9606;SAA12V140E-3;KOMATSU;CI-502626
317;DT;KOMATSU;HD785-7;DT4395;30339;SAA12V140E-3;KOMATSU;CB-502192
318;DT;KOMATSU;HD785-7;DT4510;30645;SAA12V140E-3;KOMATSU;503724
319;DT;KOMATSU;HD785-7;DT5402;34356;SAA12V140E-3;KOMATSU;514831
320;DT;KOMATSU;HD785-7;DT5409;N11755;SAA12V140E-3;KOMATSU;514665
321;DT;KOMATSU;HD785-7;DT5431;34406;SAA12V140E-3;KOMATSU;514949
322;DT;KOMATSU;HD785-7;DT5432;34407;SAA12V140E-3;KOMATSU;514950
323;DT;KOMATSU;HD785-7;DT5449;34400;SAA12V140E-3;KOMATSU;514938
324;DT;KOMATSU;HD785-7;DT3565;7991;SAA12V140E-3;KOMATSU;CI506876
325;DT;KOMATSU;HD785-7;DT3554;7977;SAA12V140E-3;KOMATSU;C1 ENDT4342
326;DT;KOMATSU;HD785-7;DT3799;8365;SAA12V140E-3;KOMATSU;VJ-506178
327;DT;KOMATSU;HD785-7;DT4322;30061;SAA12V140E-3;KOMATSU;QK-503094
328;DT;KOMATSU;HD785-7;DT3229;7195;SAA12V140E-3;KOMATSU;C1 506531
329;DT;KOMATSU;HD785-7;DT4249;9836;SAA12V140E-3;KOMATSU;VJ-601614
330;DT;KOMATSU;HD785-7;DT3195;7077;SAA12V140E-3;KOMATSU;C1 EN502463
331;DT;KOMATSU;HD785-7;DT3220;7183;SAA12V140E-3;KOMATSU;C1 506045
332;DT;KOMATSU;HD785-7;DT3581;8007;SAA12V140E-3;KOMATSU;C1 CB-502902
333;DT;KOMATSU;HD785-7;DT3249;7318;SAA12V140E-3;KOMATSU;C1 ZE-502563
334;DT;KOMATSU;HD785-7;DT3273;7359;SAA12V140E-3;KOMATSU;C1 505986
335;DT;KOMATSU;HD785-7;DT3882;8683;SAA12V140E-3;KOMATSU;EN502777
336;DT;KOMATSU;HD785-7;DT5410;N11756;SAA12V140E-3;KOMATSU;514626
337;DT;KOMATSU;HD785-7;DT5427;34379;SAA12V140E-3;KOMATSU;514878
338;DT;KOMATSU;HD785-7;DT5430;34405;SAA12V140E-3;KOMATSU;514948
339;DT;KOMATSU;HD785-7;DT5434;34410;SAA12V140E-3;KOMATSU;514974
340;DT;KOMATSU;HD785-7;DT5437;34414;SAA12V140E-3;KOMATSU;514976
341;DT;KOMATSU;HD785-7;DT5438;34415;SAA12V140E-3;KOMATSU;514975
342;DT;KOMATSU;HD785-7;DT5439;34416;SAA12V140E-3;KOMATSU;514977
343;DT;KOMATSU;HD785-7;DT5440;34418;SAA12V140E-3;KOMATSU;514994
344;DT;KOMATSU;HD785-7;DT5441;34421;SAA12V140E-3;KOMATSU;514995
345;DT;KOMATSU;HD785-7;DT5452;J30955;SAA12V140E-3;KOMATSU;514862
346;DT;KOMATSU;HD785-7;DT3417;7740;SAA12V140E-3;KOMATSU;VF-503076
347;DT;KOMATSU;HD785-7;DT3356;7647;SAA12V140E-3;KOMATSU;CIAD-503204
348;DT;KOMATSU;HD785-7;DT3155;7019;SAA12V140E-3;KOMATSU;CIKQ-502836
349;DT;KOMATSU;HD785-7;DT3230;7196;SAA12V140E-3;KOMATSU;CILP-500670
350;DT;KOMATSU;HD785-7;DT3335;7591;SAA12V140E-3;KOMATSU;ZE-500470
351;DT;KOMATSU;HD785-7;DT5455;34431;SAA12V140E-3;KOMATSU;514999
352;DT;KOMATSU;HD785-7;DT5459;34401;SAA12V140E-3;KOMATSU;514945
353;DT;KOMATSU;HD785-7;DT5461;N11794;SAA12V140E-3;KOMATSU;514701
354;DT;KOMATSU;HD785-7;DT5463;N11795;SAA12V140E-3;KOMATSU;514703
355;DT;KOMATSU;HD785-7;DT5464;N11796;SAA12V140E-3;KOMATSU;514708
356;DT;KOMATSU;HD785-7;DT5465;N11797;SAA12V140E-3;KOMATSU;514517
357;DT;KOMATSU;HD785-7;DT5466;N11805;SAA12V140E-3;KOMATSU;51490
358;DT;KOMATSU;HD785-7;DT5467;N11806;SAA12V140E-3;KOMATSU;514759
359;DT;KOMATSU;HD785-7;DT5468;N11807;SAA12V140E-3;KOMATSU;514751
360;DT;KOMATSU;HD785-7;DT5469;N11808;SAA12V140E-3;KOMATSU;514702
361;DT;KOMATSU;HD785-7;DT5470;N11809;SAA12V140E-3;KOMATSU;514858
362;DT;KOMATSU;HD785-7;DT3427;7754;SAA12V140E-3;KOMATSU;C1 ENG12342
363;DT;KOMATSU;HD785-7;DT3204;7095;SAA12V140E-3;KOMATSU;C1 KQ-500602
364;DT;KOMATSU;HD785-7;DT3254;7326;SAA12V140E-3;KOMATSU;C1 CB-503933
365;DT;KOMATSU;HD785-7;DT3426;7753;SAA12V140E-3;KOMATSU;C1 506813
366;DT;KOMATSU;HD785-7;DT3178;7052;SAA12V140E-3;KOMATSU;C1 508839
367;DT;KOMATSU;HD785-7;DT3410;7727;SAA12V140E-3;KOMATSU;C1 ZE-501988
368;DT;KOMATSU;HD785-7;DT3200;7090;SAA12V140E-3;KOMATSU;C1 505259
369;DT;KOMATSU;HD785-7;DT5480;34487;SAA12V140E-3;KOMATSU;515156
370;DT;KOMATSU;HD785-7;DT5481;34488;SAA12V140E-3;KOMATSU;515162
371;DT;KOMATSU;HD785-7;DT5485;34518;SAA12V140E-3;KOMATSU;515184
372;DT;KOMATSU;HD785-7;DT5486;34520;SAA12V140E-3;KOMATSU;515235
373;DT;KOMATSU;HD785-7;DT5487;34521;SAA12V140E-3;KOMATSU;515242
374;DT;KOMATSU;HD785-7;DT5476;34480;SAA12V140E-3;KOMATSU;515126
375;DT;KOMATSU;HD785-7;DT5477;34482;SAA12V140E-3;KOMATSU;515132
376;DT;KOMATSU;HD785-7;DT5478;34483;SAA12V140E-3;KOMATSU;515145
377;DT;KOMATSU;HD785-7;DT5493;34536;SAA12V140E-3;KOMATSU;515255
378;DT;KOMATSU;HD785-7;DT5506;34572;SAA12V140E-3;KOMATSU;515356
379;DT;KOMATSU;HD785-7;DT5507;34573;SAA12V140E-3;KOMATSU;515349
380;DT;KOMATSU;HD785-7;DT5508;34576;SAA12V140E-3;KOMATSU;515362
381;DT;KOMATSU;HD785-7;DT5509;34577;SAA12V140E-3;KOMATSU;515370
382;DT;KOMATSU;HD785-7;DT5510;J30995;SAA12V140E-3;KOMATSU;515105
383;DT;KOMATSU;HD785-7;DT5511;J31003;SAA12V140E-3;KOMATSU;515087
384;DT;KOMATSU;HD785-7;DT5513;J31018;SAA12V140E-3;KOMATSU;514980
385;DT;KOMATSU;HD785-7;DT5517;J31022;SAA12V140E-3;KOMATSU;515115
386;DT;KOMATSU;HD785-7;DT5497;34554;SAA12V140E-3;KOMATSU;515295
387;DT;KOMATSU;HD785-7;DT5516;J31021;SAA12V140E-3;KOMATSU;514960
388;DT;KOMATSU;HD785-7;DT5521;N11837;SAA12V140E-3;KOMATSU;515052
389;DT;KOMATSU;HD785-7;DT5522;34584;SAA12V140E-3;KOMATSU;515383
390;DT;KOMATSU;HD785-7;DT3232;KMTHD023V26007225;SAA12V140E-3;KOMATSU;C1 EN502344
391;DT;KOMATSU;HD785-7;DT3233;KMTHD023V26007226;SAA12V140E-3;KOMATSU;C1 KO-501329
392;DT;KOMATSU;HD785-7;DT4028;9078;SAA12V140E-3;KOMATSU;C1 BC-504614
393;DT;KOMATSU;HD785-7;DT3342;J20096;SAA12V140E-3;KOMATSU;C1 CB-503548
394;DT;KOMATSU;HD785-7;DT3271;KMTHD023V26007356;SAA12V140E-3;KOMATSU;C1 AD-502729
395;DT;KOMATSU;HD785-7;DT3290;KMTHD023V26007432;SAA12V140E-3;KOMATSU;C1 HS-511344
396;DT;KOMATSU;HD785-7;DT4191;9615;SAA12V140E-3;KOMATSU;AE-509255
397;DT;KOMATSU;HD785-7;DT5546;34608;SAA12V140E-3;KOMATSU;515454
398;DT;KOMATSU;HD785-7;DT5547;34610;SAA12V140E-3;KOMATSU;515455
399;DT;KOMATSU;HD785-7;DT5534;J31079;SAA12V140E-3;KOMATSU;515390
400;DT;KOMATSU;HD785-7;DT5535;J31080;SAA12V140E-3;KOMATSU;515213
401;DT;KOMATSU;HD785-7;DT5536;J31081;SAA12V140E-3;KOMATSU;515438
402;DT;KOMATSU;HD785-7;DT4006;9052;SAA12V140E-3;KOMATSU;AE-502769
403;DT;KOMATSU;HD785-7;DT4136;9448;SAA12V140E-3;KOMATSU;AE-503658
404;DT;KOMATSU;HD785-7;DT3227;7190;SAA12V140E-3;KOMATSU;C1-503142
405;DT;KOMATSU;HD785-7;DT3340;J20094;SAA12V140E-3;KOMATSU;501942
406;DT;KOMATSU;HD785-7;DT5620;J31121;SAA12V140E-3;KOMATSU;515518
407;DT;KOMATSU;HD785-7;DT5621;J31122;SAA12V140E-3;KOMATSU;515503
408;DT;KOMATSU;HD785-7;DT5622;J31123;SAA12V140E-3;KOMATSU;515509
409;DT;KOMATSU;HD785-7;DT5623;J31124;SAA12V140E-3;KOMATSU;515190
410;DT;KOMATSU;HD785-7;DT5624;J31125;SAA12V140E-3;KOMATSU;514996
411;DT;KOMATSU;HD785-7;DT4295;9933;SAA12V140E-3;KOMATSU;505405
412;DT;KOMATSU;HD785-7;DT4590;30973;SAA12V140E-3;KOMATSU;507532
413;DT;KOMATSU;HD785-7;DT3164;7030;SAA12V140E-3;KOMATSU;500071
414;DT;KOMATSU;HD785-7;DT5655;J31159;SAA12V140E-3;KOMATSU;515682
415;DT;KOMATSU;HD785-7;DT5651;J31153;SAA12V140E-3;KOMATSU;515620
416;DT;KOMATSU;HD785-7;DT5652;J31156;SAA12V140E-3;KOMATSU;515582
417;DT;KOMATSU;HD785-7;DT5682;34750;SAA12V140E-3;KOMATSU;515810
418;DT;KOMATSU;HD785-7;DT5686;J31190;SAA12V140E-3;KOMATSU;515571
419;DT;KOMATSU;HD785-7;DT5689;J31193;SAA12V140E-3;KOMATSU;515658
420;DT;KOMATSU;HD785-7;DT5690;J31194;SAA12V140E-3;KOMATSU;515680
421;DT;KOMATSU;HD785-7;DT5691;J31195;SAA12V140E-3;KOMATSU;515616
422;DT;KOMATSU;HD785-7;DT5692;J31196;SAA12V140E-3;KOMATSU;515903
423;DT;KOMATSU;HD785-7;DT5693;J31197;SAA12V140E-3;KOMATSU;515710
424;DT;KOMATSU;HD785-7;DT5698;J31202;SAA12V140E-3;KOMATSU;515610
425;DT;KOMATSU;HD785-7;DT5688;J31192;SAA12V140E-3;KOMATSU;515608
426;DT;KOMATSU;HD785-7;DT5699;J31203;SAA12V140E-3;KOMATSU;515695
427;DT;KOMATSU;HD785-7;DT5700;J31204;SAA12V140E-3;KOMATSU;515665
428;DT;KOMATSU;HD785-7;DT5701;J31205;SAA12V140E-3;KOMATSU;515646
429;DT;KOMATSU;HD785-7;DT5702;J31206;SAA12V140E-3;KOMATSU;515747
430;DT;KOMATSU;HD785-7;DT5703;J31207;SAA12V140E-3;KOMATSU;515697
431;DT;KOMATSU;HD785-7;DT5704;J31208;SAA12V140E-3;KOMATSU;515721
432;DT;KOMATSU;HD785-7;DT5705;J31209;SAA12V140E-3;KOMATSU;515623
433;DT;KOMATSU;HD785-7;DT5706;J31171;SAA12V140E-3;KOMATSU;515702
434;DT;KOMATSU;HD785-7;DT5707;J31172;SAA12V140E-3;KOMATSU;515619
435;DT;KOMATSU;HD785-7;DT5708;J31173;SAA12V140E-3;KOMATSU;515204
436;DT;KOMATSU;HD785-7;DT5709;J31174;SAA12V140E-3;KOMATSU;515684
437;DT;KOMATSU;HD785-7;DT5710;J31175;SAA12V140E-3;KOMATSU;515681
438;DT;KOMATSU;HD785-7;DT5722;34790;SAA12V140E-3;KOMATSU;515924
439;DT;KOMATSU;HD785-7;DT5769;34821;SAA12V140E-3;KOMATSU;516027
440;DT;KOMATSU;HD785-7;DT5770;34823;SAA12V140E-3;KOMATSU;516032
441;DT;KOMATSU;HD785-7;DT5771;34824;SAA12V140E-3;KOMATSU;516038
442;DT;KOMATSU;HD785-7;DT5772;34825;SAA12V140E-3;KOMATSU;516039
443;DT;KOMATSU;HD785-7;DT5773;34826;SAA12V140E-3;KOMATSU;516045
444;DT;KOMATSU;HD785-7;DT5774;34827;SAA12V140E-3;KOMATSU;516046
445;DT;KOMATSU;HD785-7;DT5775;34828;SAA12V140E-3;KOMATSU;516047
446;DT;KOMATSU;HD785-7;DT5776;34824;SAA12V140E-3;KOMATSU;516054
447;DT;KOMATSU;HD785-7;DT5777;34830;SAA12V140E-3;KOMATSU;516056
448;DT;KOMATSU;HD785-7;DT5778;34831;SAA12V140E-3;KOMATSU;516053
449;DT;KOMATSU;HD785-7;DT5779;34832;SAA12V140E-3;KOMATSU;516056
450;DT;KOMATSU;HD785-7;DT5780;34834;SAA12V140E-3;KOMATSU;516060
451;DT;KOMATSU;HD785-7;DT5781;34835;SAA12V140E-3;KOMATSU;516061
452;DT;KOMATSU;HD785-7;DT5711;J31176;SAA12V140E-3;KOMATSU;515675
453;DT;KOMATSU;HD785-7;DT5712;J31177;SAA12V140E-3;KOMATSU;515666
454;DT;KOMATSU;HD785-7;DT5721;34784;SAA12V140E-3;KOMATSU;515908
455;DT;KOMATSU;HD785-7;DT5723;34791;SAA12V140E-3;KOMATSU;515931
456;DT;KOMATSU;HD785-7;DT5724;34793;SAA12V140E-3;KOMATSU;515936
457;DT;KOMATSU;HD785-7;DT5727;J31184;SAA12V140E-3;KOMATSU;515615
458;DT;KOMATSU;HD785-7;DT5733;J31210;SAA12V140E-3;KOMATSU;515635
459;DT;KOMATSU;HD785-7;DT5734;J31211;SAA12V140E-3;KOMATSU;515743
460;DT;KOMATSU;HD785-7;DT5735;J31212;SAA12V140E-3;KOMATSU;515717
461;DT;KOMATSU;HD785-7;DT5736;J31213;SAA12V140E-3;KOMATSU;515562
462;DT;KOMATSU;HD785-7;DT5742;J31219;SAA12V140E-3;KOMATSU;515730
463;DT;KOMATSU;HD785-7;DT5743;J31220;SAA12V140E-3;KOMATSU;515734
464;DT;KOMATSU;HD785-7;DT5763;J31250;SAA12V140E-3;KOMATSU;515862
465;DT;KOMATSU;HD785-7;DT5783;34836;SAA12V140E-3;KOMATSU;516062
466;WT;KOMATSU;HD785-7;DT3145;7005;SAA12V140E-3;KOMATSU;EN503018
467;WT;KOMATSU;HD785-7;DT3148;7007;SAA12V140E-3;KOMATSU;EN501583
468;WT;KOMATSU;HD785-7;DT3152;7016;SAA12V140E-3;KOMATSU;ZE-502674
469;WT;KOMATSU;HD785-7;DT3184;7058;SAA12V140E-3;KOMATSU;EN506978
470;WT;KOMATSU;HD785-7;DT3186;7060;SAA12V140E-3;KOMATSU;CX006303
471;WT;KOMATSU;HD785-7;DT3352;J20106;SAA12V140E-3;KOMATSU;VA-500333
472;WT;KOMATSU;HD785-7;DT3489;7878;SAA12V140E-3;KOMATSU;EN501946
473;WT;KOMATSU;HD785-7;DT3503;7903;SAA12V140E-3;KOMATSU;EN501931
474;WT;KOMATSU;HD785-7;DT3518;7936;SAA12V140E-3;KOMATSU;EN50270
475;WT;KOMATSU;HD785-7;DT5512;J31004;SAA12V140E-3;KOMATSU;515135
476;WT;KOMATSU;HD785-7;DT3192;7074;SAA12V140E-3;KOMATSU;501159
477;WT;KOMATSU;HD785-7;DT3502;7902;SAA12V140E-3;KOMATSU;0
478;WT;KOMATSU;HD785-7;DT4378;30197;SAA12V140E-3;KOMATSU;CL506987
479;WATER TRUCK;SCANIA;P360CB6x6HZ;TW212;9248729;;;0
480;WATER TRUCK;SCANIA;P360CB6X6;TW209;5509394;DC13 108 W01;SCANIA;7083925
481;WATER TRUCK;SCANIA;P360CB6X6;TW202;5482080;DC13 108 W01;SCANIA;7036708
482;WATER TRUCK;VOLVO;FMX440;TW224;6182230;D13A440SEC01;VOLVO;D13*2222300*A9*A
483;FUEL TRUCK;VOLVO;FM9;TF100;669442;D9B 380;VOLVO;162037
484;FUEL TRUCK;VOLVO;FM9;TF107;672016;D9B 380;VOLVO;163506
485;FUEL TRUCK;SCANIA;P380CB6X6EHZ;TF108;3628938;DCS1217/380 hp;SCANIA;8110161
486;FUEL TRUCK;SCANIA;P380CB6X6EHZ;TF110;3628994;DCS1217/380 hp;SCANIA;8108583
487;FUEL TRUCK;SCANIA;P380CB6X6EHZ;TF115;2043998;DCS1217/380 hp;SCANIA;6407018
488;FUEL TRUCK;VOLVO;FM9;TF123;692034;D9B 380;VOLVO;0
489;FUEL TRUCK;VOLVO;FM9;TF126;692227;D9B 380;VOLVO;174681
490;FUEL TRUCK;VOLVO;FM9;TF127;692230;D9B 380;VOLVO;174717
491;FUEL TRUCK;SCANIA;P380CB6X6EHZ;TF165;5313549;DSC13103W01;SCANIA;6753089
492;FUEL TRUCK;SCANIA;P360CB6X6;TF217;5503704;DC13108W01;SCANIA;7073318
493;FUEL TRUCK;VOLVO;FMX440;TF239;YV2XSO2E3NA307641;D132201842A9A;VOLVO;22637723
494;FUEL TRUCK;VOLVO;FMX440;TF252;YV2XS02E6PA312397;D13A440SEC01;VOLVO;D13*2221749*A9*A
495;FUEL TRUCK;VOLVO;FMX440;TF254;YV2XS02E2PA312722;D13A440SEC01;VOLVO;D13*2223053*A9*A
496;FUEL TRUCK;VOLVO;FMX440;TF255;6189792;D13A440SEC01;VOLVO;D132231020*A9*A
497;FUEL TRUCK;VOLVO;FMX440;TF258;6187016;D13A440SEC01;VOLVO;D132227652*A9*A
498;LIFTING;JCB;JCB5AF-540-170;CB068;JCB5AFKGCJ2729526;SB320/40232U2126418;;40232U2126418
499;LIFTING;JCB;JCB5AF-540-170;CB082;JCB5AFKGCP3241610;;;0
500;LIFTING;JCB;JCB5AF-540-170;CB090;JCB5AFKGEP3241453;;;0
501;LIFTING;JCB;JCB5AF-540-170;CB093;JCB5AFKGLP3241806;;;0
502;LIFTING;TADANO;TR500EX;CN010;545249;6D22;MITSUBISHI;264020
503;LIFTING;TADANO;ATF110-5;CN045;2035360;OM502LA-E3A/4;MERCEDES BENZ;729161
504;LIFTING;SCANIA;P124CB6X6HZ;CT053;3589479;DSC1202;SCANIA;8070436
505;LIFTING;VOLVO;FM9;CT071;670782;D9B 380;VOLVO;162793
506;LIFTING;VOLVO;FM9;CT074;671939;D9B 380;VOLVO;0
507;LIFTING;SCANIA;P380CB6X6EHZ;CT075;2044429;DSC1217 L02;SCANIA;6408881
508;LIFTING;SCANIA;P380CB6X6EHZ;CT076;3629031;DSC1217 L02;SCANIA;8110254
509;LIFTING;NISSAN;TZA520PPN;CT093;JNBTZA520P-02464;RP801TZN;NISSAN;27658
510;LIFTING;SCANIA;P380CB6X6;CT095;5237107;;;0
511;LIFTING;VOLVO;FMX370;CT119;734139;D11A370-EC01;VOLVO;20865631
512;LIFTING;SCANIA;P410XT;CT159;YS2P6X600N2195283;;;0
513;LIFTING;VOLVO;FMX440;CT161;YV2XS02E8PA320033;;;0
514;SERVICE TRUCK;SCANIA;P124CB4X4HZ;ST008;3588481;DSC1202;SCANIA;8069411
515;SERVICE TRUCK;SCANIA;P124CB4X4HZ;ST011;2042482;DSC1108L02;SCANIA;6400011
516;SERVICE TRUCK;SCANIA;P124CB4X4HZ;ST010;2028321;;;0
517;LIFTING;KOMATSU;FD30C-17;FL040;300399;;;0
518;LIFTING;KOMATSU;FD30C-17;FL063;319725;4D94LE-1;KOMATSU;58323
519;LIFTING;KOMATSU;FD50-6;FL016;DU40082;;;0
520;LIFTING;KOMATSU;FD30C;FL110;104138;;;0
521;LUBE TRUCK;VOLVO;FM9;LO035;631975;D9B 380;VOLVO;D9139480-BIL
522;LUBE TRUCK;SCANIA;P380CB6X6EHZ;LO047;3628872;DC1217 L02;SCANIA;8119095
523;LUBE TRUCK;SCANIA;P380CB6X6EHZ;LO048;3629625;DC1217 L02;SCANIA;8110867
524;LUBE TRUCK;VOLVO;FM9;LO053;6722033;D9B 380;VOLVO;163518
525;LUBE TRUCK;SCANIA;P380CB6X6;LO060;2052162;DC1217 L02;SCANIA;6612338
526;LUBE TRUCK;SCANIA;P380CB6X6;LO062;2052485;DC1217 L02;SCANIA;6613509
527;LUBE TRUCK;SCANIA;P380CB6X6;LO075;2061810;DC1217 L02;SCANIA;6655668
528;LUBE TRUCK;SCANIA;P380CB6X6;LO084;2065758;DC1217 L02;SCANIA;0
529;LUBE TRUCK;SCANIA;P380CB6X6;LO093;2073289;DC1217 L02;SCANIA;6705793
530;LUBE TRUCK;VOLVO;FM440;LD227;666522;;;0
531;LUBE TRUCK;SCANIA;P410B 6x6 DC;LO175;YS2P6X600N2195113;;;0
532;LUBE TRUCK;SCANIA;P410B 6x6 DC;LO176;YS2P6X600P2196220;;;0
533;ANFO TRUCK;VOLVO;FM9;AM022;A646649;D9B 380;VOLVO;150558
534;ANFO TRUCK;VOLVO;FM9;AM027;A670799;D9B 380;VOLVO;162782
535;ANFO TRUCK;NISSAN;TZA520PPN;AM038;2267;RF8;NISSAN;RF027449
536;ANFO TRUCK;SCANIA;P380CB6X6EHZ;AM055;5291474;;SCANIA;6717803
537;ANFO TRUCK;SCANIA;P380CB6X6EHZ;AM080;5571002;DC13134W01;SCANIA;7201339
538;ANFO TRUCK;VOLVO;FMX440;AM083;6168229;D13A440SEC01;VOLVO;D13*2202329*A9*A
539;ANFO TRUCK;VOLVO;FMX440;AM084;6173042;;;0
540;ANFO TRUCK;VOLVO;FMX440;AM090;YV2XS02E6PA323495;D13A440SEC01;VOLVO;D13*2266846*A9*A
541;PRIME MOVER;VOLVO;FH16-2;PM575;641212;;;0
542;PRIME MOVER;SCANIA;R620;PM1612;YS2R6X400N5672171;;;0
543;PRIME MOVER;KOMATSU;HD465-7R;DT2805;15811;SAA6D170E-5;;612036
544;LOWBOY;PATRIA;LBT120T;LB039;T21213-1911111;;;0
545;LOWBOY;PATRIA;LBT120T;LB013;611112;;;0
546;LOWBOY;PATRIA;LBT70T;LB006;11-1112;;;0
547;PRIME MOVER;SCANIA;R580;PM1570;9186979;;;0
548;WATER TRUCK;VOLVO;FM9;TW123;671155;D9B 380;VOLVO;163095
549;LIFTING;MANITOU;MT1440;CB021;1256094;2166 / 2200;PERKINS;RG38455 U429888P
550;LIFTING;KOMATSU;FD50T-7;FL021;DU40128;6D102E-1;KOMATSU;26407102
551;LIFTING;KOMATSU;FD50T-8;FL035;47176;S6D102E-2;KOMATSU;26444628
552;ANFO TRUCK;NISSAN;TZA520PPN;AM040;2270;RF8;NISSAN;RF027452
553;FUEL TRUCK;NISSAN;TZA520PPN;TF138;2445;;;EN500963
554;LIFTING;NISSAN;TZA520PPN;CT085;TZA520KDN;2322;NISSAN;27512
555;LIFTING;NISSAN;TZA520PPN;CT086;TZA520KDN;2324;NISSAN;27514
556;LUBE TRUCK;HINO;HN130HD;LO108;5086333;;;0
557;PRIME MOVER;VOLVO;FH16-2;PM584;656889;;;0
558;ANFO TRUCK;NISSAN;TZA520PPN;AM033;2276;RF8;NISSAN;RF027458
559;LUBE TRUCK;VOLVO;FM9;LO037;636630;D9B 380;VOLVO;144996
560;WATER TRUCK;SCANIA;P124CB8X4;LD417;3620345;DSC1205L01;SCANIA;EN8101501
561;FUEL TRUCK;VOLVO;A40D;DT828;10462;D12CACE2;VOLVO;201728
562;WATER TRUCK;KOMATSU;HD785-5;DT3098;KMTHD008E26004863;SA12V140;KOMATSU;EN13382
563;WATER TRUCK;KOMATSU;HD785-5;DT3092;KMTHD008A26004857;SA12V140;KOMATSU;EN15460
564;WATER TRUCK;NISSAN;TZA520PPN;TW131;2288;RF8;NISSAN;27472
565;PRIME MOVER;VOLVO;FH16-1;PM500;544568;D16A520;VOLVO;0
566;WATER TRUCK;KOMATSU;HD785-5;DT686;4256;SA12V140;KOMATSU;13760
567;WATER TRUCK;SCANIA;P380CB 6X6 CHZ;TW165;5257735;DC1217L02;SCANIA;60656042
568;WATER TRUCK;KOMATSU;HD785-5;DT3141;KMTHD00L26005055;SA12V140;KOMATSU;14945-L7R7
569;LUBE TRUCK;NISSAN;TZA520YHN;LO006;1506;RF8;NISSAN;25727
570;WATER TRUCK;KOMATSU;HD785-5;DT690;4274;SA12V140;KOMATSU;14275
571;WATER TRUCK;KOMATSU;HD785-5;DT3142;KMTHD00H26005056;SA12V140;KOMATSU;FU-14714L9R9
572;WATER TRUCK;KOMATSU;HD785-5;DT685;4255;SA12V140;KOMATSU;EN15430
573;WATER TRUCK;KOMATSU;HD785-5;DT3088;KMTHD008K26004853;SA12V140;KOMATSU;EN14560
574;LUBE TRUCK;NISSAN;TZA520YHN;LO008;1526;RF8;NISSAN;25818
575;WATER TRUCK;SCANIA;;TW163;5249518;;;0
576;WATER TRUCK;KOMATSU;HD785-5;DT3090;KMTHD008C26004855;SA12V140;KOMATSU;EN13985
577;PRIME MOVER;VOLVO;FH16-1;PM517;582252;D16A520;VOLVO;8918
578;PRIME MOVER;VOLVO;FH16-1;PM513;544597;D16B520;VOLVO;C1-43627
579;PRIME MOVER;VOLVO;FH16-2;PM520;584990;D16C550;VOLVO;6155
580;STEEMING TRUCK;SCANIA;P380CB-6X6;AX016;XLEP6X60005230911;DC 1217 L02;SCANIA;6601092
581;LIFTING;MANITOU;MT1440;CB014;1230697;2166 / 2200;PERKINS;U314659N
582;WATER TRUCK;VOLVO;FM440;LD212;5257735;DC1217L02;SCANIA;60656042
583;FUEL TRUCK;SCANIA;P124GB6X6;TF092;3594330;DSC1202/360 hp;SCANIA;8075331
584;FUEL TRUCK;VOLVO;A40D;DT831;10492;D12CACE2;VOLVO;324175
585;WATER TRUCK;VOLVO;A40D;DT811;10087;D12CACE2;VOLVO;215570
586;FUEL TRUCK;NISSAN;TZA520YHN;TF073;1798;RF8;NISSAN;26891
587;LUBE TRUCK;NISSAN;TZA520YHN;LO008;1526;RF8;NISSAN;25818
588;WATER TRUCK;VOLVO;FM440;LD211;644266;;;0
589;WATER TRUCK;NISSAN;TZA520PPN;TW129;2281;RF8;NISSAN;27464
590;WATER TRUCK;VOLVO;A40D;TW095;11392;D12CACE2;VOLVO;441872
591;FUEL TRUCK;VOLVO;A40D;DT806;10082;D12CACE2;VOLVO;220206
592;LOWBOY;PATRIA;LBT70T;LB008;502701;;;0
593;PRIME MOVER;VOLVO;FH16-2;PM560;622319;D16C550;VOLVO;0
594;FUEL TRUCK;NISSAN;TZA520PPN;TF116;2207;RF8;NISSAN;27388
595;LIFTING;MANITOU;MT1637SL;CB007;1176512;1932 / 2200;PERKINS;AK81336 U269391J
596;WATER TRUCK;VOLVO;FM440;LD214;645070;;;0
597;WATER TRUCK;KOMATSU;HD785-7;DT3145;KMTHD023E26007005;SAA12V140-2;KOMATSU;EN502343
598;WATER TRUCK;KOMATSU;HD785-7;DT3148;KMTHD023T26007007;SAA12V140-2;KOMATSU;EN501583
599;WATER TRUCK;KOMATSU;HD785-7;DT3152;KMTHD023A26007016;SA12V140;KOMATSU;EN500090
600;WATER TRUCK;KOMATSU;HD785-7;DT3184;KMTHD023J26007058;SAA12V140-2;KOMATSU;EN506978
601;WATER TRUCK;KOMATSU;HD785-7;DT3186;KMTHD023K26007060;SAA12V140-2;KOMATSU;EN502673
602;WATER TRUCK;KOMATSU;HD785-7;DT3489;7878;SAA12V140-2;KOMATSU;EN501946
603;WATER TRUCK;KOMATSU;HD785-7;DT3502;7902;SAA12V140E-3;KOMATSU;EN502987
604;WATER TRUCK;KOMATSU;HD785-7;DT3503;7903;SAA12V140E-3;KOMATSU;EN501931
605;WATER TRUCK;KOMATSU;HD785-7;DT3518;7936;SAA12V140E-3;KOMATSU;EN502710
606;WATER TRUCK;KOMATSU;HD785-7;DT3956;8916;SAA12V140-2;KOMATSU;EN503492
607;WATER TRUCK;KOMATSU;HD785-7;DT3774;8334;;;0
608;WATER TRUCK;KOMATSU;HD785-7;DT3352;;;;0
609;TOWER LAMP;PDP;LS4-6000;TL109;318116 ULK819;D 1105;KUBOTA;YW 0412
610;TOWER LAMP;PDP;LS4-6000;TL122;LS4-0300007;V1305-BG2-SAE-1;KUBOTA;3E 1868
611;TOWER LAMP;PDP;LS4-6000;TL123;LS4-0300008;V1305-BG2-SAE-1;KUBOTA;3E 1866
612;TOWER LAMP;PDP;LS4-6000;TL125;LS4-03000010;V1305-BG2-SAE-1;KUBOTA;3E 1869
613;TOWER LAMP;PDP;LS4-6000;TL126;LS4-03000011;V1305-BG2-SAE-1;KUBOTA;3E 1867
614;TOWER LAMP;PDP;LS4-6000;TL127;336535 UDN819;D 1105;KUBOTA;2S 3299
615;TOWER LAMP;PDP;LS4-6000;TL129;336537 UDN819;D 1105;KUBOTA;2I 9036
616;TOWER LAMP;PDP;LS4-6000;TL130;336538 UDN819;V1305-BG2-SAE-1;KUBOTA;CE4211
617;TOWER LAMP;PDP;LS4-6000;TL131;336539 UDN819;D 1105;KUBOTA;2Y 0813
618;TOWER LAMP;PDP;LS4-6000;TL138;LS4-0300018;V1305-BG2-SAE-1;KUBOTA;8S2711
619;TOWER LAMP;PDP;LS4-6000;TL139;LS4-0300019;V1305-BG2-SAE-1;KUBOTA;3J0146
620;TOWER LAMP;PDP;LS4-6000;TL140;LS4-0300020;V1305-BG2-SAE-1;KUBOTA;3J0145
621;TOWER LAMP;PDP;LS4-6000;TL141;LS4-0300021;V1305-BG2-SAE-1;KUBOTA;3J0332
622;TOWER LAMP;PDP;LS4-6000;TL142;LS4-0300022;V1305-BG2-SAE-1;KUBOTA;BN6143
623;TOWER LAMP;PDP;LS4-6000;TL143;LS4-0300023;V1305-BG2-SAE-1;KUBOTA;3J0437
624;TOWER LAMP;PDP;LS4-6000;TL144;LS4-0300024;V1305-BG2-SAE-1;KUBOTA;3J0147
625;TOWER LAMP;PDP;LS4-6000;TL145;LS4-0300025;V1305-BG2-SAE-1;KUBOTA;AU0539
626;TOWER LAMP;PATRIA;LS4-6000;TL262;411350;V1305-BG2-SAE-1;KUBOTA;7P0856
627;TOWER LAMP;PATRIA;LS4-6000;TL263;411352;V1305-BG2-SAE-1;KUBOTA;7L4619
628;TOWER LAMP;PATRIA;LS4-6000;TL264;411353;V1305-BG2-SAE-1;KUBOTA;7L4457
629;TOWER LAMP;PATRIA;LS4-6000;TL265;411355;V1305-BG2-SAE-1;KUBOTA;7P0534
630;TOWER LAMP;PDP;LS4-6000;TL295;811127;V1305-BG2-SAE-1;KUBOTA;8J5539
631;TOWER LAMP;PDP;LS4-6000;TL300;811130;V1305-BG2-SAE-1;KUBOTA;8G6386
632;TOWER LAMP;PDP;LS4-6000;TL301;811132;V1305-BG2-SAE-1;KUBOTA;8G6388
633;TOWER LAMP;PDP;LS4-6000;TL302;811135;V1305-BG2-SAE-1;KUBOTA;8J5901
634;TOWER LAMP;PDP;LS4-6000;TL305;811139;V1305-BG2-SAE-1;KUBOTA;8L5054
635;TOWER LAMP;PDP;LS4-6000;TL306;811140;V1305-BG2-SAE-1;KUBOTA;8G5289
636;TOWER LAMP;PDP;LS4-6000;TL307;811141;V1305-BG2-SAE-1;KUBOTA;8G5290
637;TOWER LAMP;PDP;LS4-6000;TL308;811142;V1305-BG2-SAE-1;KUBOTA;8G4977
638;TOWER LAMP;PDP;LS4-6000;TL339;PA04090921111;V1305-BG2-SAE-1;KUBOTA;8E8628
639;TOWER LAMP;PDP;LS4-6000;TL340;PA04090921112;V1305-BG2-SAE-1;KUBOTA;8J4974
640;TOWER LAMP;PDP;LS4-6000;TL341;PA04090921113;V1305-BG2-SAE-1;KUBOTA;8G6658
641;TOWER LAMP;PDP;LS4-6000;TL346;PA04090921118;V1305-BG2-SAE-1;KUBOTA;8J5378
642;TOWER LAMP;PDP;LS4-6000;TL347;PA04090921119;V1305-BG2-SAE-1;KUBOTA;8G6698
643;TOWER LAMP;PDP;LS4-6000;TL365;PA04090921137;V1305-BG2-SAE-1;KUBOTA;8U2219
644;MINI TOWER;PDP;LS4-6000;TL366;PA04090921138;V1305-BG2-SAE-1;KUBOTA;8U2547
645;TOWER LAMP;PDP;LS4-6000;TL373;PA04090921145;V1305-BG2-SAE-1;KUBOTA;0
646;TOWER LAMP;PDP;LS4-6000;TL389;PA04091021134;V1305-BG2-SAE-1;KUBOTA;8Q2154
647;TOWER LAMP;PDP;LS4-6000;TL390;PA04091021135;V1305-BG2-SAE-1;KUBOTA;8Q2156
648;TOWER LAMP;PDP;LS4-6000;TL394;PA04091021139;V1305-BG2-SAE-1;KUBOTA;8L8735
649;TOWER LAMP;PDP;LS4-6000;TL410;PA04091021155;V1305-BG2-SAE-1;KUBOTA;0
650;TOWER LAMP;PDP;LS4-6000;TL411;PA04091021156;V1305-BG2-SAE-1;KUBOTA;0
651;TOWER LAMP;PDP;LS4-6000;TL412;PA04091021157;V1305-BG2-SAE-1;KUBOTA;0
652;TOWER LAMP;PDP;LS4-6000;TL413;PA04091021158;V1305-BG2-SAE-1;KUBOTA;0
653;TOWER LAMP;PDP;LS4-6000;TL429;PA04091021177;V1305-BG2-SAE-1;KUBOTA;0
654;TOWER LAMP;PDP;LS4-6000;TL441;PA01091121118;V1305-BG2-SAE-1;KUBOTA;AU1019
655;TOWER LAMP;PDP;LS4-6000;TL442;PA014091121119;V1305-BG2-SAE-1;KUBOTA;AU1021
656;TOWER LAMP;PDP;LS4-6000;TL443;PA04091121120;V1305-BG2-SAE-1;KUBOTA;AU1604
657;TOWER LAMP;PDP;LS4-6000;TL444;PA04091121120;V1305-BG2-SAE-1;KUBOTA;AU1020
658;TOWER LAMP;PDP;LS4-6000;TL445;PA04091121122;V1305-BG2-SAE-1;KUBOTA;AU1981
659;TOWER LAMP;PDP;LS4-6000;TL467;PA04091121163;V1305-BG2-SAE-1;KUBOTA;BG5138
660;TOWER LAMP;PDP;LS4-6000;TL468;PA04091121164;V1305-BG2-SAE-1;KUBOTA;BG4846
661;TOWER LAMP;PDP;LS4-6000;TL456;PA04091121139;V1305-BG2-SAE-1;KUBOTA;BA4013
662;TOWER LAMP;PDP;LS4-6000;TL458;PA04091121141;V1305-BG2-SAE-1;KUBOTA;BA1051
663;TOWER LAMP;PDP;LS4-6000;TL459;PA04091121142;V1305-BG2-SAE-1;KUBOTA;BA4012
664;TOWER LAMP;PDP;LS4-6000;TL505;PA04091211150;V1305-BG2-SAE-1;KUBOTA;BU6780
665;TOWER LAMP;PDP;LS4-6000;TL506;PA04091211151;V1305-BG2-SAE-1;KUBOTA;CE5539
666;TOWER LAMP;PDP;LS4-6000;TL507;PA04091211152;V1305-BG2-SAE-1;KUBOTA;CE1019
667;TOWER LAMP;PDP;LS4-6000;TL508;PA04091211153;V1305-BG2-SAE-1;KUBOTA;CE3978
668;TOWER LAMP;AMIDA;AL4000;TL076;9710-44304;D905E;KUBOTA;EN116267
669;TOWER LAMP;AMIDA;AL4000;TL077;9710-44302;D905E;KUBOTA;116076
670;TOWER LAMP;PDP;L8-4MH;TL152;8359;D1105BG;KUBOTA;3S2669
671;TOWER LAMP;PDP;LS4-6000;TL223;411262;V1305-BG2-SAE-1;KUBOTA;5N1871
672;TOWER LAMP;PDP;LS4-2000;TL861;"PA0436-2311132
";Z482-CHN-1;KUBOTA;4NVA088
673;TOWER LAMP;PDP;LS4-2000;TL864;PA0436-2311135;Z482-CHN-1;KUBOTA;4NJ4687
674;TOWER LAMP;PDP;LS4-2000;TL870;PA0436-2311128;Z482-CHN-1;KUBOTA;4NJ4689
675;TOWER LAMP;PDP;LS4-2000;TL872;PA0436-2311126;Z482-CHN-1;KUBOTA;4NVA094
676;TOWER LAMP;PDP;LS4-2000;TL873;PA0436-2311125;Z482-CHN-1;KUBOTA;4NVA076
677;TOWER LAMP;PDP;LS4-2000;TL874;PA0436-2311133;Z482-CHN-1;KUBOTA;4NVA084
678;TOWER LAMP;PDP;LS4-2000;TL880;"PA0436-2311115
";Z482-CHN-1;KUBOTA;4NJ4694
679;TOWER LAMP;PDP;LS4-2000;TL881;"PA0436-2311137
";Z482-CHN-1;KUBOTA;4NVA086
680;TOWER LAMP;PDP;LS4-2000;TL882;"PA0436-2311139
";Z482-CHN-1;KUBOTA;4NY4201
681;TOWER LAMP;PDP;LS4-2000;TL883;"PA0436-2311134
";Z482-CHN-1;KUBOTA;4NVA098
682;TOWER LAMP;PDP;LS4-2000;TL884;"PA0436-2311141
";Z482-CHN-1;KUBOTA;4NY4202
683;TOWER LAMP;PDP;LS4-2000;TL885;"PA0436-2311144
";Z482-CHN-1;KUBOTA;4NY4204
684;TOWER LAMP;PDP;LS4-2000;TL906;PA0436-2311173;;;0
685;TOWER LAMP;PDP;LS4-2000;TL907;PA0436-2311174;;;0
686;TOWER LAMP;PDP;LS4-2000;TL925;PA0436-2311245;;;0
687;TOWER LAMP;PDP;LS4-2000;TL926;PA0436-2311253;;;0
688;TOWER LAMP;PDP;LS4-2000;TL927;PA0436-2311252;;;0
689;TOWER LAMP;PDP;LS4-2000;TL928;PA0436-2311251;;;0
690;TOWER LAMP;PDP;LS4-2000;TL929;PA0436-2311254;;;0
691;TOWER LAMP;PDP;LS4-2000;TL939;PA0436-2311260;;;0
692;MINI TOWER;KUBOTA;LS4-6000;TL331;702580;D722;KUBOTA;8L3917
693;MINI TOWER;PDP;LS4-6000;TL543;CE3823;V1305-BG2-SAE-1;KUBOTA;CE3823
694;MINI TOWER;KUBOTA;J310;GS286;700648;D722;KUBOTA;3N1550
695;MINI TOWER;KUBOTA;KJT130;GS480;190549;V1305-BG2-SAE-1;KUBOTA;1CN9144
696;MINI TOWER;KUBOTA;KJT130;GS482;190612;V1305;KUBOTA;0
697;MINI TOWER;KUBOTA;KJT130;GS484;190708;V1305;KUBOTA;0
698;MINI TOWER;KUBOTA;J320;GS485;901288;V1305;KUBOTA;8A0297
699;MINI TOWER;PDP;J320;GS488;901561;V1305;KUBOTA;8N0139
700;MINI TOWER;PERKINS;PL30;GS1253;TG11330HS10807;;;0
701;MEGA TOWER;PDP;LS4-6000;TL544;CE2906;V1305-BG2-SAE-1;KUBOTA;CE2906
702;MEGA TOWER;KUBOTA;J320;GS417;901329;V1305;KUBOTA;8C0147
703;MEGA TOWER;KUBOTA;KJT130;GS481;190611;V1305;KUBOTA;1CN5188
704;MEGA TOWER;KUBOTA;J320;GS486;901328;V1305;KUBOTA;0
705;GENSET;KOMATSU;PL200P;GS256;1113010;S6D125-1;KOMATSU;55761
706;GENSET;KOMATSU;EGS380-6;GS572;65137;SAA6D125-P400;KOMATSU;106514
707;GENSET;PERKINS;PL135P;GS387;YD37746 U899125S;1007 - TAG2;PERKINS;081126-0-023B
708;GENSET;PERKINS;PL500P;GS393;MGBF3040 U13740S;2506A - E15TAG2;PERKINS;MGBF 3040U137405
709;GENSET;PERKINS;PL500P;GS394;MGBF3040 U13744S;2506A - E15TAG2;PERKINS;MGBF 3040U137445
710;GENSET;KOMATSU;EGS630-6;GS1052;1;;KOMATSU;60031
711;GENSET;KOMATSU;EGS630-6;GS454;65204;SAA6D140-P580;KOMATSU;38599
712;GENSET;KOMATSU;EGS380-6;GS563;65128;SAA6D140-P580;KOMATSU;106268
713;GENSET;PERKINS;PL30;GS516;U223174T;1104A-44TG1;PERKINS;DJ51279U223174T
714;GENSET;KOMATSU;EGS630-6;GS678;65331;SAA6D140-P580;KOMATSU;39787
715;GENSET;KOMATSU;EGS630-6;GS680;65333;SAA6D140-P580;KOMATSU;70139
716;GENSET;PERKINS;PL65P;GS695;R002269W;1104A-44TG1;PERKINS;RS51276R002269W
717;GENSET;PERKINS;PL30;GS746;DJ51279U382493X;1104A-44TG1;PERKINS;DJ51279U382493X
718;GENSET;KOMATSU;EGS630-6;GS981;61063;SAA6D140-P580;KOMATSU;42442
719;GENSET;KOMATSU;EGS380-6;GS1038;61027;SAA6D140-P580;KOMATSU;0
720;GENSET;PERKINS;PL65P;GS494;U489126T;;PERKINS;0
721;GENSET;PERKINS;PL65P;GS541;U495477T;;PERKINS;0
722;GENSET;PERKINS;PL15P;GS1063;R030125D/X18I384024;;PERKINS;R030125D
723;GENSET;PERKINS;PL65P;GS1179;RS51276R038822E;;PERKINS;0
724;GENSET;PERKINS;PL65P;GS1180;RS51276R038821E;;PERKINS;0
725;GENSET;KOMATSU;EGS630-6;GS1184;61545;SAA16D140;KOMATSU;44060
726;GENSET;KOMATSU;EGS630-6;GS1185;61548;SAA16D140;KOMATSU;44070
727;GENSET;KOMATSU;EGS630-6;GS1208;61563;SAA16D140;KOMATSU;44165
728;GENSET;PERKINS;PL30;GS1211;TG11330HS10689;;PERKINS;0
729;GENSET;PERKINS;PL30;GS1212;TG11330HS10690;;PERKINS;1103A-33G
730;GENSET;PERKINS;PL30;GS1250;TG11330HS10691;;PERKINS;0
731;GENSET;PERKINS;PL30;GS1251;TG11330HS10809;;PERKINS;0
732;GENSET;PERKINS;PL135P;GS1289;PP82576R035082H;;;0
733;GENSET;PERKINS;PL135P;GS1290;PP82576R037713H;;;0
734;GENSET;PERKINS;PL30;GS505;U223063T;1104A-44TG1;PERKINS;DJ512794223067.T
735;GENSET;PERKINS;PL30;GS506;U223067T;1103A-33G;PERKINS;RS51276U490015T
736;GENSET;KOMATSU;EGS630-6;GS407;65170;SAA6D140-P580;KOMATSU;"36051 (NOW)
38078 (ASLI)"
737;GENSET;KOMATSU;EGS630-6;GS363;65110;SAA6D140-P580;KOMATSU;"38078 (NOW)
36051 (ASLI)"
738;GENSET;PERKINS;PL30;GS499;U223069T;1104A-44TG1;PERKINS;RS51276U223069T
739;GENSET;KOMATSU;EGS630-6;GS622;65283;SAA6D140-P580;KOMATSU;65283
740;GENSET;PERKINS;PL200P;GS552;N10139U;1306C-E87TAG3;PERKINS;N101394WGDF7002
741;GENSET;PERKINS;PL65P;GS709;RS51276U548288W;1104A-44TG1;PERKINS;RS51276U548288W
742;GENSET;PERKINS;PL135P;GS637;U931677V;;;0
743;GENSET;PERKINS;PL65P;GS558;RS51276U496213T;2510/1500;PERKINS;U496213T
744;MEGA TOWER;KUBOTA;J320;GS416;901564;V1305;KUBOTA;8N0054
745;MINI TOWER;KUBOTA;J320;GS487;901557;V1305;KUBOTA;0
746;GENSET;KOMATSU;EGS380-6;GS304;60016;SAA6D125-P400;KOMATSU;93093
747;MEGA TOWER;KUBOTA;J310;GS285;700647;V1305;KUBOTA;CE3823
748;MEGA TOWER;KUBOTA;J310;GS283;CO700513;D722;KUBOTA;200603
749;TOWER LAMP;KUBOTA;J310;TL332;702586;D722;KUBOTA;8L3927
750;TOWER LAMP;KUBOTA;J310;TL333;702634;D722;KUBOTA;8L9554
751;TOWER LAMP;KUBOTA;J310;TL329;702257;D722;KUBOTA;7U5294
752;TOWER LAMP;PDP;LS4-6000;TL124;LS4-0300009;V1305-BG2-SAE-1;KUBOTA;2Q 0943
753;TOWER LAMP;AMIDA;MDL AL4000;TL075;9710-44301;D906;KUBOTA;L116265
754;TOWER LAMP;AMIDA;MDL AL4000;TL084;N/A;V1903;KUBOTA;2192
755;GENSET;PERKINS;PL27 Visa;GS251;30115;CM35007;PERKINS;U136973H
756;GENSET;PERKINS;PL27 Visa;GS276;3747/02;2318 / 1800;PERKINS;CM51029 U168717J
757;GENSET;CUMMINS;310DFCC;GS281;L96A001874;NTA855-64;CUMMINS;11822542
758;GENSET;PERKINS;PL200P;GS230;?;2006TG1A;PERKINS;U0686G
759;GENSET;PERKINS;PL300P;GS289;?;2006TW2;PERKINS;SGK060583U2639H
760;GENSET;YAMAKOYO;;GS383;;;;0
761;GENSET;YAMAKOYO;;GS384;;;;0
762;GENSET;YANMAR;YDG5001SE-D;GS418;Y511081116;L100AE;YANMAR;1581
763;GENSET;YANMAR;YDG5001SE-D;GS419;Y4,2-994-08;L100AE;YANMAR;1749
764;GENSET;PERKINS;PL135P;GS386;YD37746 U899119S;1006 - TAG2;PERKINS;081126-0-022B
765;MINI TOWER;KUBOTA;J320;GS483;190620;;;0
766;GENSET;PERKINS;PL135P;GS490;U909111T;1007 - TAG2;PERKINS;U909111T
767;GENSET;PERKINS;PL300P;GS282;CO72580103;2006TAG2;PERKINS;SGB060226U3603F
768;GENSET;PERKINS;PL65P;GS525;U490015T;1104A-44TG1;PERKINS;RS51276U490015T
769;GENSET;PERKINS;PL65P;GS372;RS51276U39084;2510/1500;PERKINS;U39084
770;TOWER LAMP;KUBOTA;J310;TL330;702049;D722;KUBOTA;7G2233
771;TOWER LAMP;PDP;L8-4MH / 2003C;TL128;336536 UDN819;D 1105;KUBOTA;2S 3303
772;GENSET;PERKINS;PL65P;GS466;U488932T;1104A-44TG1;PERKINS;RS51276U488932T
773;GENSET;KOMATSU;EGS630-6;GS679;65332;SAA6D140-P580;KOMATSU;39778
774;GENSET;PERKINS;PL350P;GS385;78294;2306C-E14TAG;PERKINS;FGBF4021 U16455S
775;GENSET;KOMATSU;EGS630-6;GS397;65142;SAA6D140;KOMATSU;36800
776;GENSET;KOMATSU;EGS630-6;GS523;65218;SAA6D140-P580;KOMATSU;38846
777;GENSET;PERKINS;PL65P;GS559;RS51276U496217T;2510/1500;PERKINS;U496217T
778;WATER PUMP;MULTIFLO;MFV-420C;WP249;MFC-420-23-05.14;3412C  (GS552);CATERPILLAR;EN38S21071
779;WATER PUMP;MULTIFLO;MFV-420C;WP256;MFC-420-25-07.14;3412C;CATERPILLAR;EN38S19771
780;WATER PUMP;MULTIFLO;MFV-420C;WP258;MFC-420-26-07.14;3412C;CATERPILLAR;EN38S21135
781;WATER PUMP;MULTIFLO;MFV-420C;WP268;MFC-420-30-01.15;3412C;CATERPILLAR;EN38S21138
782;WATER PUMP;WARMAN;EWP420;WP275;049-010004-001;SAA6D140-P580;KOMATSU;EN32123
783;WATER PUMP;MULTIFLO;MFV-420C;WP315;MFC-420-40-05.16;3412C;CATERPILLAR;EN38S23486
784;WATER PUMP;WARMAN;EWP420;WP327;SY72737;SAA6D140-P580;KOMATSU;EN32893
785;WATER PUMP;WARMAN;EWP420;WP328;60050;SAA6D140-P580;KOMATSU;EN32643
786;DEWATERING PUMP;LEGRA;LEGRA 140;WP330;140-60;D905;KUBOTA;EN3A1710
787;DEWATERING PUMP;LEGRA;LEGRA 140;WP398;140-83;D905;KUBOTA;EN7Y1668
788;WATER PUMP;WARMAN;EWP420;WP350;40144;SAA6D140-P580;KOMATSU;EN33134
789;WATER PUMP;WARMAN;EWP420;WP358;40139;SAA6D140-P580;KOMATSU;EN34188
790;WATER PUMP;MULTIFLO;MFV-420C;WP390;MFVC-420-97-03.19;3412C;CATERPILLAR;EN38S25070
791;WATER PUMP;MULTIFLO;MFV290M;WP399;MF-290-058-01.10;CAT 3056;CATERPILLAR;1ML04328
792;WATER PUMP;MULTIFLO;MF-420E;WP405;MF-420E-124-04.10;C27;CATERPILLAR;TWM01169
793;WATER PUMP;MULTIFLO;MF-420E;WP409;MF-420E-126-05.10;C27;CATERPILLAR;TWM01253
794;WATER PUMP;MULTIFLO;MF-420E;WP416;MF-420E-144-06.10;C27;CATERPILLAR;TWM01293
795;WATER PUMP;MULTIFLO;MF-420E;WP417;MF-420E-146-07.10;C27;CATERPILLAR;C27TWM01314
796;WATER PUMP;WARMAN;EWP420;WP448;65101;GS477;KOMATSU;105506
797;WATER PUMP;WARMAN;EWP420;WP449;65102;GS478;KOMATSU;105508
798;WATER PUMP;WARMAN;EWP420;WP471;65116;GS546;KOMATSU;105813
799;WATER PUMP;MULTIFLO;MF-420E;WP490;MF-420E-178-08-21;C27;CATERPILLAR;TWM01704
800;WATER PUMP;MULTIFLO;MF-420E;WP495;MF-420E-187-09-21;C27;CATERPILLAR;TWM01745
801;WATER PUMP;WARMAN;EWP420;WP498;65132;GS567;KOMATSU;106310
802;WATER PUMP;WARMAN;EWP420;WP499;65221;GS532;KOMATSU;38900
803;WATER PUMP;WARMAN;EWP420;WP501;65256;GS590;KOMATSU;39121
804;WATER PUMP;WARMAN;EWP420;WP502;65255;GS589;KOMATSU;39117
805;WATER PUMP;WARMAN;EWP420;WP534;65139;GS574;KOMATSU;106259
806;WATER PUMP;WARMAN;EWP420;WP535;32/MDP/BPM/11;;;106460
807;WATER PUMP;WARMAN;EWP420;WP536;65128;SAA6D125-P400;KOMATSU;106268
808;WATER PUMP;WARMAN;EWP420;WP748;65558;SAA6D140-P580;KOMATSU;41625
809;WATER PUMP;WARMAN;EWP420;WP749;1;;KOMATSU;0
810;WATER PUMP;MULTIFLO;MF-420E;WP505;MF-420E-203-11-21;C27;CATERPILLAR;TWM01993
811;WATER PUMP;MULTIFLO;MFV290C;WP541;MF.290.077.04.22;CAT C7,1;CATERPILLAR;1ML04438
812;WATER PUMP;MULTIFLO;MFV290C;WP573;MF-290-092-05.23;CAT C7,1;CATERPILLAR;M7500181
813;WATER PUMP;MULTIFLO;MF-420EX;WP670;MF-420EX-377-05.25;C27;CATERPILLAR;TWM03765
814;WATER PUMP;MULTIFLO;MF-420EXHV;WP754;MF-420EXHV-409-10.26;C27;CATERPILLAR;TWM04719
815;WATER PUMP;MULTIFLO;MF-420EXHV;WP755;MF-420XVH-413-02.27;C27;CATERPILLAR;TWM04752
816;WATER PUMP;MULTIFLO;MF-420E;WP491;179-08-21;C27;;TWM01749
817;WATER PUMP;MULTIFLO;MF-420EXHV;WP760;XVH-414-02,27;C27;;TWM05010
818;WATER PUMP;WARMAN;EWP420;WP437;65098;GS472/SAA6D125-P400;KOMATSU;105495
819;WATER PUMP;MULTIFLO;MF-420EXHV;WP763;VH-417-07.27;C27;;0
820;WATER PUMP;MULTIFLO;MF-420EXHV;WP764;VH-418-08.27;C27;;TWM05040
821;MUD PUMP;DREDGER PUMP;ARTAMA;WP453;1;HD785-5;ENC1-12804;0
822;MUD PUMP;DREDGER TYRE HY85/160B;DRHY85/160B;WP791;5427;;;0
823;MUD PUMP;DREDGER TYRE HY85/160B;DRHY85/160B;WP792;1;;;0
824;WATER PUMP;MULTIFLO;MF-420EXXHV;WP855;MF-420EXHV-524-02.29;C32;CATERPILLAR;TLD01855
825;WATER PUMP;MULTIFLO;MF-420EXXHV;WP856;MF-420EXHV-523-02.29;C32;CATERPILLAR;TLD01856
826;WATER PUMP;MULTIFLO;MF-420EXXHV;WP857;MF-420EXHV-522-02.29;C32;CATERPILLAR;TLD01841
827;WATER PUMP;MULTIFLO;MF-420EXXHV;WP863;MF-420EXHV-525-02.29;C32;CATERPILLAR;TLD01857
828;WATER PUMP;MULTIFLO;MF-420EXXHV;WP864;MF-420EXHV-526-02.29;C32;CATERPILLAR;TLD01865
829;WATER PUMP;MULTIFLO;MF-420EXHV;WP943;MF-420EXHV-603-02.20;C27;CATERPILLAR;TWM06393
830;WATER PUMP;MULTIFLO;MF-420EXHV;WP945;MF-420EXHV-604-02.20;C27;CATERPILLAR;TWM06450
831;WATER PUMP;MULTIFLO;MFV290C;WP972;MF-290-128-05.20;CAT C7,1;CATERPILLAR;M7500104
832;WATER PUMP;DREDGER PUMP;DREDGERPUMP;WP676;ENHD7857001;HD785-7;;0
833;WATER PUMP;WARMAN;EWP420;WP794;P94001-1711111;SAA6D140;KOMATSU;40600
834;WATER PUMP;WARMAN;EWP420;WP821;PJ9301-1711114;SAA6D140;KOMATSU;41629
835;WATER PUMP;WARMAN;EWP420;WP823;PJ9301-1711113;SAA6D140;KOMATSU;42106
836;WATER PUMP;MULTIFLO;MF-420EX;WP743;MF-420EXHV-406-09.26;C27;CATERPILLAR;TWM04651
837;WATER PUMP;MULTIFLO;MEB-420EXHV;WP895;ME-420EXHVB-046-04.29;WEG355A/B;;0
838;WATER PUMP;MULTIFLO;MEB-420EXHV;WP897;ME-420EXHVB-047-04.29;WEG355A/B;;0
839;WATER PUMP;MULTIFLO;MF-420E;WP529;MF-420E-204-03.22;C27;;TWM02356
840;WATER PUMP;WARMAN;EWP420;WP714;PJ9301-1511115;MLA135GB;;0
841;WATER PUMP;MULTIFLO;MEB-420EXHV;WP902;ME-420EXHVB-050-04.29;WEG355A/B;;1041960416
842;WATER PUMP;MULTIFLO;MEB-420EXHV;WP898;ME-420EXHVB-048-04.29;WEG355A/B;;1041960419
843;BIG PUMP;BIG PUMP;MUYUAN 12/10;WP684;SGS/002/K/14, SPN/002/K/14, SBP/002/K/14;MLA9456B;;140SJ127NS1 , 140SJ126NS1
844;GS BIG PUMP;BIG PUMP;EGS630-6;GS807;65476;;;0
845;GS BIG PUMP;BIG PUMP;EGS630-6;GS808;65477;;;0
846;GS BIG PUMP;BIG PUMP;EGS630-6;GS809;65501;;;0
847;BIG PUMP;BIG PUMP;MUYUAN 12/10;WP683;SGS/001/K/14, SPN/001/K/14, SBP/001/K/14;MLA9456B;;1309J130NS1 , 1309J130NS2
848;GS BIG PUMP;BIG PUMP;EGS630-6;GS804;65465;;;0
849;GS BIG PUMP;BIG PUMP;EGS630-6;GS805;65474;;;0
850;GS BIG PUMP;BIG PUMP;EGS630-6;GS806;65475;;;0
851;WATER PUMP;WARMAN;EWP420;WP701;074/MDP/BFM/15;MLA135GB;;1405J242D
852;WATER PUMP;DREDGER PUMP;MARUNDA;WP428;ENC3-11372;SA12V140;;C3-11372
853;WATER PUMP;DREDGER PUMP;MINI DREDGER;WP604;EN318707;SA6D170E-3;;EN318707
854;WATER PUMP;WARMAN;EWP420;WP321;1;;;0
855;WATER PUMP;WARMAN;EWP420;WP485;1;;;0
856;WATER PUMP;WARMAN;EWP420;WP658;BP/0004E/14;;;0
857;GS SWP;KOMATSU;EGS630-6;GS1270;61583;SAA6D140-P580;;44332
858;GS SWP;KOMATSU;EGS630-6;GS766;65445;SAA6D140-P580;;40925
859;WATER PUMP;WARMAN;EWP420;WP615;1;;;0
860;WATER PUMP;WARMAN;EWP420;WP694;1;;;0
861;WATER PUMP;WARMAN;EWP420;WP706;1;;;0
862;GS SWP;KOMATSU;EGS630-6;GS730;30086;SAA6 D140-P580;;28933
863;GS SWP;KOMATSU;EGS630-6;GS840;65523;SAA6D140-P580;;41242
864;WATER PUMP;WARMAN;EWP420;WP649;1;;;0
865;WATER PUMP;WARMAN;EWP420;WP686;1;;;0
866;WATER PUMP;WARMAN;EWP420;WP747;1;;;0
867;GS SWP;KOMATSU;EGS630-6;GS749;65434;SAA6D140-P580;;40905
868;GS SWP;KOMATSU;EGS630-6;GS843;65522;SAA6D140-P580;;41241
869;WATER PUMP;WARMAN;EWP420;WP484;17/MDP/BFM/10;MLA135GB;;0
870;WATER PUMP;WARMAN;EWP420;WP709;BP/012/E/15;MLA135GB;;1405J256D
871;WATER PUMP;WARMAN;EWP420;WP756;PJ6001-1611119;MLA135GB;;0
872;GS SWP;KOMATSU;EGS630-6;GS1269;61585;SAA6D140-P580;;44338
873;GS SWP;KOMATSU;EGS630-6;GS850;65525;SAA6D140-P580;;41245
874;WATER PUMP;WARMAN;EWP420;WP614;52/MDP/BFM/12;MLA135GB;;0
875;WATER PUMP;WARMAN;EWP420;WP616;54/MDP/BFM/12;MLA135GB;;0
876;WATER PUMP;WARMAN;EWP420;WP707;BP/007/C/15;MLA135GB;;0
877;GS SWP;KOMATSU;EGS630-6;GS854;65529;SAA6D140-P580;;41251
878;GS SWP;KOMATSU;EGS630-6;GS1019;65404;SAA6D140-P580;;40431
879;WATER PUMP;WARMAN;EWP420;WP688;071/MDP/BFM/15;MLA135GB;;0
880;WATER PUMP;WARMAN;EWP420;WP697;BP/008/C/15;MLA135GB;;0
881;WATER PUMP;WARMAN;EWP420;WP696;BP/010/E/15;MLA135GB;;0
882;GS SWP;KOMATSU;EGS630-6;GS822;65435;SAA6D140-P580;;0
883;GS SWP;KOMATSU;EGS630-6;GS839;65517;SAA6D140-P580;;41232
884;WATER PUMP;WARMAN;EWP420;WP487;1;;;0
885;WATER PUMP;WARMAN;EWP420;WP724;1;;;0
886;WATER PUMP;WARMAN;EWP420;WP922;1;;;0
887;GS SWP;KOMATSU;EGS630-6;GS337;60033;SAA6D140-P580;;0
888;GS SWP;KOMATSU;EGS630-6;GS1041;61058;SAA6D140-P580;;42405
889;WATER PUMP;KSB;DND LSA 6x8 2H;WP1038;049-2207120-001 9974338749-1;C27;CAT;TWM07499
890;WATER PUMP;KSB;DND LSA 6x8 2H;WP1039;049-2207118-001  9974338749-1;C32;CAT;ZP200725
891;WATER PUMP;KSB;DND LSA 6x8 2H;WP1040;1;C32;CAT;ZP200721
892;WATER PUMP;MULTIFLO;MF-420EXHV;WP1027;;C32;CAT;TLD01996
893;WATER PUMP;MULTIFLO;MF-420EXHV;WP1065;MF-420EXHV-C3200022;C32;CAT;TLD02194
894;WATER PUMP;MULTIFLO;MF-420EXHV;WP1066;MF-420EXHV-C3200021;C32;CAT;TLD02203
895;WATER PUMP;MULTIFLO;MF-420EXHV;WP1070;MF-420EXHV-C3200024;C32;CAT;TLD02196
896;WATER PUMP;MULTIFLO;RF-85MV;WP1078;RF-CUSTOM000000019;C7.1;CAT;461-4658
897;DEWATERING PUMP;LEGRA;LEGRA 140;WP1084;140;C1.1;CAT;C7Y00480
898;WATER PUMP;MULTIFLO;RF-85MV;WP1079;RF-CUSTOM000000022;C7.1;CAT;G9R10336
899;WATER PUMP;MULTIFLO;RF-85MV;WP1108;RF-CUSTOM000000035;C7.1;CAT;G9R11875
900;MUD PUMP;DREDGER TYRE HY85/160B;DRHY85/160B;WP1081;7939;;;0
901;MUD PUMP;DREDGER TYRE HY85/160B;DRHY85/160B;WP1080;;;;0
902;WATER PUMP;MULTIFLO;MEB-420EXHV;WP1110;SKP2307001;EGS630;KOMATSU;44144
903;WATER PUMP;MULTIFLO;MEB-420EXHV;WP1111;SKP2308002;EGS630;KOMATSU;0
904;WATER PUMP;MULTIFLO;MEB-420EXHV;WP1112;SKP2308003;EGS630;KOMATSU;0
905;WATER PUMP;MULTIFLO;MFV420EXHV;WP1114;;C27;CAT;0
906;WATER PUMP;MULTIFLO;MFV420EXHV;WP1117;MF420EXHV-C3200029;C32;CAT;TLD02316
907;WATER PUMP;MULTIFLO;MFV420EXHV;WP1126;MF420EXHV-C3200032;C32;CAT;TLD02343
908;WATER PUMP;MULTIFLO;MFV420EXHV;WP1130;MF420EXHV-C3200031;C32;CAT;TLD02345
909;WATER PUMP;MULTIFLO;MFV420EXHV;WP1137;MF420EXHV-C3200037;C32;CAT;0
910;WATER PUMP;WARMAN;EWP420;WP319;1;;;0
911;WATER PUMP;WARMAN;EWP420;WP545;1;;;0
912;WATER PUMP;WARMAN;EWP420;WP546;1;;;0
913;WATER PUMP;MULTIFLO;MF-420EX;WP638;MF-420EX-350-06.24;C27;CAT;TWM03488
914;WATER PUMP;MULTIFLO;MFV290C;WP574;MF-290-093-05.23;CAT 3056;CATERPILLAR;1ML04537
915;GS SWP;KOMATSU;EGS630-6;GS620;65281;SAA6D140-P580;;39328
916;GS SWP;KOMATSU;EGS630-6;GS592;65258;SAA6D140-P580;;39142
917;MUD PUMP;ELICOT 370HP;ELICOT;WP500;DREDGER-370HP-0501570;;;JRE10909
918;DEWATERING PUMP;LEGRA;LEGRA 140;WP512;140-90;D905;KUBOTA;0
919;WATER PUMP;PAMA PERSADA;PPN90;WP470;6;QSB6,7;CUMMINS;46866726
920;GS SWP;KOMATSU;EGS630-6;GS252;30101;SAA6D140-P580;;39147
921;GS SWP;KOMATSU;EGS630-6;GS469;65201;SAA6 D125-P400;;38532
922;WATER PUMP;WARMAN;EWP-420C;WP274;;SAA6D140;KOMATSU;EN32124
923;WATER PUMP;WARMAN;Booster;WP431;65087;GS445;KOMATSU;105083
924;MUD PUMP;DRADGER;KT3;WP455;;KT19-C/KTTA19;CUMMINS;31123837
925;WATER PUMP;WARMAN;Booster;WP438;65098;GS474;KOMATSU;105495
926;WATER PUMP;WARMAN;Booster;WP439;65094;GS451;KOMATSU;0
927;WATER PUMP;MULTIFLO;MFV-420C;WP252;MFC-420-24-05.14;3412C;CATERPILLAR;EN38S21086
928;WATER PUMP;WARMAN;Booster;WP472;65117 (GS547);GS446/SAA6D125-P400;KOMATSU;105814
929;MUD PUMP;DRADGER;KT3;WP455;;KT19-C/KTTA19;CUMMINS;31123837
930;WATER PUMP;WARMAN;Booster;WP497;65129;GS564/SAA6D125-P400;KOMATSU;106203
931;WATER PUMP;WARMAN;Booster;WP434;65090;GS447;KOMATSU;105221
932;WATER PUMP;WARMAN;Booster;WP521;65166;GS653 (EGS3806) SAA6D125-P400;KOMATSU;107124
933;WATER PUMP;WARMAN;Booster;WP432;65089;/SAA6D125-P400;KOMATSU;105207
934;WATER PUMP;WARMAN;Booster;WP433;65091;GS448 / SAA6D125-P400;KOMATSU;105222
935;MUD PUMP;DREDGER TYRE HY85/160B;DRHY85/160B;WP770;;;;0
936;WATER PUMP;WARMAN;Booster;WP547;37/MDP/BFM/11;SAA6D125-P400;KOMATSU;106812
937;WATER PUMP;WARMAN;Booster;WP520;28/MDP/BPM/11;;;0
938;WATER PUMP;MULTIFLO;MFV290;WP114;MFV290C0101099;6BTA5.9;CUMMINS;46954752
939;AIR COMPRESSOR;COM AIR;DLT0704/C60-12;CM378;WCA1F1513B1A30007;B3.3;CUMMINS;68330558
940;AIR COMPRESSOR;HYDROVANE;HV18PUAS;CM388;HV18-000025-1105;V18PEAS10-4035S100;;0
941;AIR COMPRESSOR;COM AIR;DLT0704/C60-12;CM413;WCA1F1513C1A30023;B3.3;CUMMINS;72005318
942;AIR COMPRESSOR;COM AIR;DLT0704/C60-12;CM414;WCA1F1513C1A30026;B3.3;CUMMINS;72005640
943;AIR COMPRESSOR;COM AIR;DLT0704/C60-12;CM424;WCA1F1513C1A30024;B3.3;CUMMINS;72005317
944;AIR COMPRESSOR;COM AIR;DLT0704/C60-12;CM425;WCA1F1513C1A30025;B3.3;CUMMINS;72004991
945;AIR COMPRESSOR;COM AIR;DLT0704/C60-12;CM426;WCA1F1513C1A30035;B3.3;CUMMINS;7264995
946;AIR COMPRESSOR;HYDROVANE;HV18PUAS;CM433;HV18-000078-1210;V18PEAS10-4035S100;;0
947;AIR COMPRESSOR;COM AIR;DLT0704/C60-12;CM462;WCA1F1513E1A30067;B3.3;CUMMINS;72013247
948;AIR COMPRESSOR;HYDROVANE;HV22PUAS;CM525;HV22-002176-001802;;;0
949;AIR COMPRESSOR;HYDROVANE;HV22PUAS;CM528;HV22-002192-001802;;;0
950;AIR COMPRESSOR;HYDROVANE;HV22PUAS;CM530;HV22-002179-001802;;;0
951;AIR COMPRESSOR;COM AIR;DLT0704/C60-12;CM554;WCA1F1513J1A30130;B3.3;CUMMINS;72037582
952;AIR COMPRESSOR;COM AIR;DLT0704/C60-12;CM555;WC1F1513J1A30131;B3.3;CUMMINS;72037579
953;AIR COMPRESSOR;COM AIR;DLT0704/C60-12;CM560;WCA1F1513J1A30136;B3.3;CUMMINS;72039121
954;AIR COMPRESSOR;COM AIR;DLT0704/C60-12;CM556;WCA1F1513H1A30110;B3.3;CUMMINS;72033816
955;AIR COMPRESSOR;HYDROVANE;HV18PUAS;CM629;V18-000925-1908;;;0
956;AIR COMPRESSOR;HYDROVANE;HV15PUAS;CM651;V15-002263-2209;;;0
957;AIR COMPRESSOR;COM AIR;DLT0704/C60-12;CM658;852212222;B3.3;CUMMINS;72069431
958;AIR COMPRESSOR;HYDROVANE;HV22PUAS;CM670;V22-002497-2301;;;0
959;AIR COMPRESSOR;COM AIR;DLT0704/C60-12;CM668;WCA1F2413P1A30013;;;0
960;AIR COMPRESSOR;COM AIR;DLT0704/C60-12;CM705;WCA1F2413P1A30029;B3.3;CUMMINS;72071247
961;AIR COMPRESSOR;COM AIR;DLT0704/C60-12;CM706;WCA1F2413P1A30030;;;0
962;AIR COMPRESSOR;HYDROVANE;HV22PUAS;CM689;V220025002301;;;0
963;AIR COMPRESSOR;HYDROVANE;HV22PUAS;CM690;V220025062301;;;0
964;AIR COMPRESSOR;HYDROVANE;HV22;CM731;V22-002526-2304;;;0
965;AIR COMPRESSOR;HYDROVANE;HV22;CM733;V22-002528-2305;;;0
966;AIR COMPRESSOR;KAESAR;MOBILAIR COMPRESSOR M100;CM717;2882;;;0
967;AIR COMPRESSOR;KAESAR;MOBILAIR COMPRESSOR M100;CM741;2888;;;0
968;AIR COMPRESSOR;HYDROVANE;HV30PEAS10-4035S100;CM085;HV30-000099-1203;;;0
969;AIR COMPRESSOR;ATLAS COPCO;GA18 FF-10;CM185;WUX232529;;;0
970;AIR COMPRESSOR;ATLAS COPCO;GA22-13 FF;CM213;WUX581295;;;0
971;AIR COMPRESSOR;ATLAS COPCO;XAHS70 DD7;CM285;AIA1528038;;;0
972;AIR COMPRESSOR;ATLAS COPCO;XAHS70 DD7;CM313;APP145609;;;0
973;AIR COMPRESSOR;ING - RAND;SS-T30;CM295;1020239;TF155R;YANMAR;120239
974;AIR COMPRESSOR;COM AIR;DLT0704/C60-12;CM377;WCA1F1513B1A30004;B3.3;CUMMINS;68330344
975;AIR COMPRESSOR;ATLAS COPCO;GA22-13 FF;CM210;WUX581132;;;0
976;AIR COMPRESSOR;COM AIR;DLT0704/C60-12;CM448;WCA1F1513D1A30056;B3.3;CUMMINS;72012608
977;AIR COMPRESSOR;ATLAS COPCO;XATS 67;CM192;AIP658836;;;0
978;AIR COMPRESSOR;ATLAS COPCO;GA22-13 FF;CM212;WUX581307;;;0
979;AIR COMPRESSOR;HYDROVANE;148PUAS;CM352;HV15-000045-1107;;;0
980;AIR COMPRESSOR;HYDROVANE;HV30PEAS10-4035S100;CM431;HV30-000098-1203;V18PEAS10-4035S100;;0
981;AIR COMPRESSOR;ATLAS COPCO;GA 33 VSD AFF;CM174;AIP 421642;;;0
982;AIR COMPRESSOR;ATLAS COPCO;XAHS 70 DD7;CM230;AIP776300;D2011 L02;DEUTZ;16789159
983;AIR COMPRESSOR;ATLAS COPCO;XATS 67;CM287;APP112807;D2011 L03;DEUTZ;10894423
984;AIR COMPRESSOR;ING - RAND;SS-T30;CM247;621182;;;0
985;AIR COMPRESSOR;ING - RAND;SS-T30;CM249;820101;;;0
986;AIR COMPRESSOR;HYDROVANE;HV18PUAS;CM420;HV18-0000 50-1205;V18PEAS10-4035S100;;0
987;AIR COMPRESSOR;FUSHENG;HTA80;CM163;T0501089;TF65;YANMAR;T0501089
988;AIR COMPRESSOR;HYDROVANE;HV837PUAS10-4035S200;CM912;80032;;;0
989;AIR COMPRESSOR;ING - RAND;SS-T30;;621214;;;0
990;AIR COMPRESSOR;COM AIR;DLT0704;CM410;WCA1F1513C1A30018;B3,3;CUMMINS;WCA1F1513C1A30018
991;AIR COMPRESSOR;FUSHENG;HTA120;CM086;210321;TS190R-DI;YANMAR;0
992;AIR COMPRESSOR;ING - RAND;SS-T30;CM072;9635567;TS190R-DI;YANMAR;0
993;AIR COMPRESSOR;FUSHENG;HTA120;CM125;106022;TS190R-DI;YANMAR;19782
994;AIR COMPRESSOR;FUSHENG;HTA120;CM162;T0304187;TS190R-DI;YANMAR;T0304187
995;AIR COMPRESSOR;HYDROVANE;HV37;CM440;V37-000395-1111;ELECTRIC HYDROVANE HV3;;0
996;AIR COMPRESSOR;ATLAS COPCO;XAHS 70 DD7;CM246;AIP788469;D2011 L02;DEUTZ;10823861
997;AIR COMPRESSOR;HYDROVANE;HV830PUAS10-4035S200;CM222;80022;;;0
998;AIR COMPRESSOR;HYDROVANE;HV837PUAS10-4035S200;CM911;80023;;;0
999;AIR COMPRESSOR;HYDROVANE;HV18PUAS;CM419;HV18-000025-1105;V18PEAS10-4035S100;;0
1000;AIR COMPRESSOR;HYDROVANE;HV15PUAS;CM366;;;;0
1001;AIR COMPRESSOR;ING - RAND;SS-T30;CM248;621214;;;0
1002;AIR COMPRESSOR;ING - RAND;SS-T30;CM250;820102;;;0
1003;AIR COMPRESSOR;ING - RAND;SS-T30;CM248;621214;;;0
1004;AIR COMPRESSOR;ING - RAND;SS-T30;CM250;820102;;;0
1005;AIR COMPRESSOR;ING - RAND;SS-T30;CM294;1020242;;;0
1006;AIR COMPRESSOR;ATLAS COPCO;XAHS70 DD7;CM314;;;;0
1007;AIR COMPRESSOR;ATLAS COPCO;XATS 67;CM186;AIP633522;;;0
1008;AIR COMPRESSOR;HYDROVANE;HV830PUAS10-4035S200;CM223;80054;;;0
1009;AIR COMPRESSOR;ING - RAND;SS-T30;CM266;1020048;TF155R;YANMAR;5020620
1010;WELDER, CO2;PANASONIC;YD500KRI;WC127;L;;;0
1011;WELDER, CO2;PANASONIC;YD500KRI;WC137;L;;;0
1012;WELDER, CO2;PANASONIC;YD500KRI;WC171;L;;;0
1013;WELDING TRAVO;MILLER;MILLER 652;WC202;LH 180146C;;;0
1014;WELDING TRAVO;MILLER;MILLER 652;WC203;LH 180155C;;;0
1015;WELDING TRAVO;MILLER;Sub arc DC800;WC284;LJ120562C;;;0
1016;WELDING TRAVO;MILLER;Sub arc DC800;WC320;LJ120578C;;;0
1017;WELDER, CO2;PANASONIC;YD500KRI;WC321;YD500KR2HGJ;;;0
1018;WELDING TRAVO;MILLER;Sub arc DC1250;WC396;MD1003 75C;;;0
1019;WELDING TRAVO;MILLER;Sub arc DC1250;WC446;ME10870C;;;0
1020;WELDING TRAVO;MILLER;MILLER SUB ARC DC 1250;WC500;MH420053G;;;0
1021;WELDING TRAVO;MILLER;MILLER SUB ARC DC 1250;WC501;MH420090G;;;0
1022;WELDING TRAVO;MILLER;Sub arc DC1250;WC570;MH150054G;;;0
1023;WELDING TRAVO;MILLER;WELDING CURRENT;WC849;L;;;0
1024;WELDING TRAVO;MILLER;WELDING CURRENT;WC850;L;;;0
1025;WELDING TRAVO;MILLER;WELDING CURRENT;WC851;L;;;0
1026;WELDER, MACHINE;MILLER;BIG BLUE 602D AIR PAK;WS079;LF311671;F3L912;DEUTZ;0
1027;WELDER, MACHINE;MILLER;BIG BLUE 602D AIR PAK;WS100;10143956;BF4M2011;DEUTZ;0
1028;WELDER, MACHINE;MILLER;BIG BLUE 602D AIR PAK;WS111;LJ070119E;BF4M2011;DEUTZ;10537617
1029;WELDER, MACHINE;MILLER;BIG BLUE 602D AIR PAK;WS121;LK060094E;TD2011 L 04;DEUTZ;10743812
1030;WELDER, MACHINE;MILLER;BIG BLUE 602D AIR PAK;WS152;MA150124E;;;0
1031;WELDER, MACHINE;MILLER;BIG BLUE 602D AIR PAK;WS153;MA100119E;TD2011 L 04;DEUTZ;0
1032;WELDING MACHINE MILLER BIG BLUE AIRPACK;MILLER;MESIN LAS MILLER 800X DUO AIR PAK;WS164;MA430075E;TD2011L04;DEUTZ;109233
1033;WELDING MACHINE MILLER BIG BLUE AIRPACK;MILLER;MESIN LAS MILLER 800X DUO AIR PAK;WS165;MA390127E;TD2011L04;DEUTZ;10915875
1034;WELDING TRAVO;MILLER;Sub arc DC800;WS196;LJ120564C;;;0
1035;WELDING TRAVO;MILLER;Sub arc DC800;WS197;LJ350072C;;;0
1036;WELDER, MACHINE;MILLER;BIG BLUE 602D AIR PAK;WS224;MC050276E;TD2011L04;DEUTZ;11180937
1037;WELDING MACHINE MILLER BIG BLUE AIRPACK;MILLER;MESIN LAS MILLER 800X DUO AIR PAK;WS235;MB120214E;C34152P;DEUTZ;0
1038;WELDER, MACHINE;MILLER;BIG BLUE 602D AIR PAK;WS258;MD070308E;;;0
1039;WELDER, MACHINE;MILLER;BIG BLUE 602D AIR PAK;WS277;MC310153E;TD2011L04;DEUTZ;11231939
1040;WELDER, MACHINE;MILLER;BIG BLUE 602D AIR PAK;WS278;MC290088E;TD2011L04;DEUTZ;11231960
1041;WELDING MACHINE MILLER BIG BLUE AIRPACK;MILLER;MILLER BIG BLUE 800X DIESEL ENGINE;WS327;MH350588R;;;0
1042;WELDING MACHINE MILLER BIG BLUE AIRPACK;MILLER;MESIN LAS MILLER 800X DUO AIR PAK;WS365;MJ140095R;;;0
1043;WELDING TRAVO;MILLER;MILLER SUB ARC DC 1250;WS377;MJ030180G;;;0
1044;WELDING TRAVO;MILLER;MILLER SUB ARC DC 1250;WS378;MJ110084G;;;0
1045;WELDING MACHINE MILLER BIG BLUE AIRPACK;MILLER;MESIN LAS MILLER 800X DUO AIR PAK;WS390;MJ411255R;TD2011L04;DEUTZ;12209615
1046;WELDING MACHINE MILLER BIG BLUE AIRPACK;MILLER;MESIN LAS MILLER 800X DUO AIR PAK;WS476;NC300155R;;;0
1047;WELDING MACHINE MILLER BIG BLUE AIRPACK;MILLER;MESIN LAS MILLER 800X DUO AIR PAK;WS477;NC300122R;;;0
1048;BIG BLUE AIR PACK;MILLER;BIG BLUE AIR PACK;WS510;ND060787R;;;0
1049;BIG BLUE AIR PACK;MILLER;BIG BLUE AIR PACK;WS511;ND060522R;;;0
1050;WELDING MACHINE PANASONIC;PANASONIC;WELDING MACHINE PANASONIC;WC1002;;;;0
1051;WELDING MACHINE PANASONIC;PANASONIC;WELDING MACHINE PANASONIC;WC1003;;;;0
1052;WELDER, MACHINE;MILLER;BIG BLUE 602D AIR PAK;WS099;10143953;BF4M2011;DEUTZ;10143956
1053;WELDER, MACHINE;MILLER;BIG BLUE 602D;WS063;LC499787;F3L912;DEUTZ;0
1054;WELDER, MACHINE;MILLER;BIG BLUE 602D AIR PAK;WS112;LJ070120E;BF4M2011;DEUTZ;10537615
1055;WELDER, MACHINE;MILLER;BIG BLUE 602D;WS062;LC495581;F3L912;DEUTZ;0
1056;WELDER, MACHINE;MILLER;BIG BLUE 602D AIR PAK;WS132;LK290026E;TD2011 L 04;DEUTZ;10784585
1057;WELDER, CO2;PANASONIC;YD500KRI;WC117;;;;0
1058;WELDER, MACHINE;MILLER;BIG BLUE 602D AIR PAK;WS286;ME190132E;TD2011L04;DEUTZ;11394881
1059;WELDER, CO2;PANASONIC;YD500KRI;WC426;;;;0
1060;WELDER, CO2;PANASONIC;YD500KRI;WC416;;;;0
1061;WELDER, AC ARC;PANASONIC;405 FL4;WS044;C0103;;;0
1062;WELDER, AC ARC;PANASONIC;405 FL4;WS045;C0120;;;0
1063;WELDER, AC ARC;PANASONIC;405 FL4;WS046;C0098;;;0
